MSSubClass,MSZoning,LotFrontage,LotArea,Street,LotShape,LandContour,Utilities,LotConfig,LandSlope,Neighborhood,Condition1,Condition2,BldgType,HouseStyle,OverallQual,OverallCond,YearBuilt,YearRemodAdd,RoofStyle,RoofMatl,Exterior1st,Exterior2nd,MasVnrType,MasVnrArea,ExterQual,ExterCond,Foundation,BsmtQual,BsmtCond,BsmtExposure,BsmtFinType1,BsmtFinSF1,BsmtFinType2,BsmtFinSF2,BsmtUnfSF,TotalBsmtSF,Heating,HeatingQC,CentralAir,Electrical,1stFlrSF,2ndFlrSF,LowQualFinSF,GrLivArea,BsmtFullBath,BsmtHalfBath,FullBath,HalfBath,BedroomAbvGr,KitchenAbvGr,KitchenQual,TotRmsAbvGrd,Functional,Fireplaces,GarageType,GarageYrBlt,GarageFinish,GarageCars,GarageArea,GarageQual,GarageCond,PavedDrive,WoodDeckSF,OpenPorchSF,EnclosedPorch,3SsnPorch,ScreenPorch,PoolArea,MiscVal,MoSold,YrSold,SaleType,SaleCondition,SalePrice
0.7739340282140276,0.0,-0.5539294436412646,-0.6342515966211321,0.0,1.0845409706161901,0.0,0.0,0.6504881829622658,0.0,-1.0096564752495607,0.0,0.0,0.0,0.7567390546907041,0.6979562940018905,-0.5173593366952786,0.766330739441267,0.6544489585224584,0.0,0.0,0.6755328169147329,0.6463326246857758,0.0,1.3255954548277222,-1.0072203103706698,0.0,0.6033653823231213,-0.6022832373885363,0.0,0.3384487217112063,-0.4984868083846287,0.8831991090042903,0.0,0.0,-1.1879705399739244,-0.515326693517985,0.0,-0.6523977268544153,0.0,0.0,-0.7664579401341973,0.7924882988107647,0.0,0.4314554169749406,1.2358287613066492,0.0,0.5591596553430411,0.7612788283838287,-0.11382207864489462,0.0,-0.7612788283838284,1.0935835570768577,0.0,-0.9937341322441308,-0.46704664490281667,0.7953854008390027,0.12836728214917167,0.33577049883105686,0.563877747131093,0.0,0.0,0.0,-0.8891846151128355,0.5847380125722957,0.0,0.0,0.0,0.0,0.0,-1.6715404690500186,0.04348082951990069,0.0,0.0,0.602701330571092
0.7739340282140276,0.0,-0.26910998864939356,0.6865544292809546,0.0,-0.9526373390547616,0.0,0.0,0.6504881829622658,0.0,-1.0096564752495607,0.0,0.0,0.0,0.7567390546907041,0.6979562940018905,-0.5173593366952786,0.6463082348977904,0.5826506907761119,0.0,0.0,0.6755328169147329,0.6463326246857758,0.0,0.9779778696809118,-1.0072203103706698,0.0,0.6033653823231213,-0.6022832373885363,0.0,-2.013769894181678,-0.4984868083846287,0.2610760409520664,0.0,0.0,-0.41617972918428864,-0.2510992430548153,0.0,-0.6523977268544153,0.0,0.0,-0.4972109872265279,0.8192354403582112,0.0,0.6206032372398398,1.2358287613066492,0.0,0.5591596553430411,0.7612788283838287,-0.11382207864489462,0.0,-0.7612788283838284,-0.5953954921862893,0.0,0.7115627119772787,-0.46704664490281667,0.6623425961258609,0.12836728214917167,0.33577049883105686,0.9545032485077285,0.0,0.0,0.0,-0.8891846151128355,0.036533152365184236,0.0,0.0,0.0,0.0,0.0,1.1374558632222926,0.04348082951990069,0.0,0.0,0.963831822823834
-1.1687626746618156,0.0,-0.17417017031876988,-0.5899102514658477,0.0,-0.9526373390547616,0.0,0.0,-1.1823062244381723,0.0,1.4586745559509986,0.0,0.0,0.0,-1.0362165464798845,-1.1858480723333096,1.1550347982034133,-1.454085594613048,0.8698437617614979,0.0,0.0,-1.5601591247792648,-1.753978992944986,0.0,-0.6783176830774194,0.992831448793946,0.0,-1.547090723905439,1.6603483841521802,0.0,0.3384487217112063,1.2053574465038157,-1.1132503730178465,0.0,0.0,1.7415734530937774,1.0204953622991886,0.0,0.7535446612504487,0.0,0.0,0.7985399736416312,-1.1110166079825141,0.0,-0.7681399694419195,-0.8091735937126869,0.0,-1.6615029758764652,0.7612788283838287,-0.11382207864489462,0.0,-0.7612788283838284,-0.5953954921862893,0.0,-0.9937341322441308,-0.46704664490281667,-1.6659064863541204,1.500909760513392,-1.4593102449195938,-1.2395099842243742,0.0,0.0,0.0,-0.8891846151128355,0.7001495620895823,0.0,0.0,0.0,0.0,0.0,-0.06639970775155508,0.04348082951990069,0.0,0.0,-0.8213565772122207
-1.1687626746618156,0.0,-0.4589896253106409,-0.9682268345992311,0.0,1.0845409706161901,0.0,0.0,0.6504881829622658,0.0,1.4586745559509986,0.0,0.0,0.0,-1.0362165464798845,-1.1858480723333096,2.827428933102105,-1.454085594613048,-2.002086948092362,0.0,0.0,-1.5601591247792648,-1.753978992944986,0.0,-0.6783176830774194,0.992831448793946,0.0,-1.547090723905439,1.6603483841521802,0.0,0.3384487217112063,-1.0664348933474435,1.0443855402723665,0.0,0.0,-1.073832462321936,-0.1065998560827694,0.0,-0.6523977268544153,0.0,0.0,-0.3499665598551462,-1.1110166079825141,0.0,-1.447578850130307,1.2358287613066492,0.0,-1.6615029758764652,-1.3135791548583706,-0.11382207864489462,0.0,1.3135791548583708,-0.5953954921862893,0.0,-0.9937341322441308,-0.46704664490281667,-1.6659064863541204,1.500909760513392,-1.4593102449195938,-0.49081110658582283,0.0,0.0,0.0,-0.8891846151128355,-1.1752881175663252,0.0,0.0,0.0,0.0,0.0,-2.0728256593746344,-0.7119985833894045,0.0,0.0,-1.3594410106688064
0.7739340282140276,0.0,1.7246261962937035,0.8728824222207131,0.0,-0.9526373390547616,0.0,0.0,-1.7932376935716516,0.0,-1.0096564752495607,0.0,0.0,0.0,0.7567390546907041,0.6979562940018905,-0.5173593366952786,0.8263419917130052,0.7262472262688049,0.0,0.0,0.6755328169147329,0.6463326246857758,0.0,-0.6783176830774194,-1.0072203103706698,0.0,0.6033653823231213,-0.6022832373885363,0.0,0.3384487217112063,1.2053574465038157,-1.1132503730178465,0.0,0.0,0.7415064870001649,-0.4988124778640369,0.0,-0.6523977268544153,0.0,0.0,-0.7496300055774681,0.8058618695844879,0.0,0.45634328806242735,-0.8091735937126869,0.0,0.5591596553430411,0.7612788283838287,-0.11382207864489462,0.0,-0.7612788283838284,0.24909403244528422,0.0,-0.9937341322441308,-0.46704664490281667,0.8619068031955736,0.12836728214917167,0.33577049883105686,0.6745549725211397,0.0,0.0,0.0,-0.8891846151128355,0.8444139989861906,0.0,0.0,0.0,0.0,0.0,0.7361706728976767,-1.4674779962987097,0.0,0.0,0.31379693676889836
-1.1687626746618156,0.0,-0.17417017031876988,-1.0356822852078018,0.0,1.0845409706161901,0.0,0.0,-1.7932376935716516,0.0,0.0481996809792504,0.0,0.0,0.0,-1.0362165464798845,-2.1277502555009096,1.1550347982034133,-0.49390555826523613,0.8698437617614979,0.0,0.0,-1.5601591247792648,-0.3823723542988364,0.0,-0.6783176830774194,0.992831448793946,0.0,-1.547090723905439,1.6603483841521802,0.0,0.3384487217112063,-1.6343829783102584,0.484474779025365,0.0,0.0,-0.834686013908246,-0.5607407865663423,0.0,2.159487049355313,0.0,0.0,-0.8127347601652031,-1.1110166079825141,0.0,-1.721345432092661,1.2358287613066492,0.0,-1.6615029758764652,-1.3135791548583706,-2.0914806950999356,0.0,1.3135791548583708,-2.2843745414494365,0.0,-0.9937341322441308,3.042114633015643,-0.26895703686613165,1.500909760513392,0.33577049883105686,-0.6600821571823648,0.0,0.0,0.0,-0.8891846151128355,-1.1752881175663252,0.0,0.0,0.0,0.0,0.0,-0.06639970775155508,-0.7119985833894045,0.0,0.0,-1.2992525952933494
-1.1687626746618156,0.0,-1.028628535294383,-0.813503842993558,0.0,1.0845409706161901,0.0,0.0,0.6504881829622658,0.0,-1.0096564752495607,0.0,0.0,0.0,-1.0362165464798845,-2.1277502555009096,-0.5173593366952786,0.22622946899562274,0.0800628165516864,0.0,0.0,0.6755328169147329,0.6463326246857758,0.0,-0.6783176830774194,0.992831448793946,0.0,0.6033653823231213,-0.6022832373885363,0.0,0.3384487217112063,-0.4984868083846287,0.5495149179580975,0.0,0.0,-0.5031420740619941,0.03789953088927651,0.0,-0.6523977268544153,0.0,0.0,-0.20272213248376447,-1.1110166079825141,0.0,-1.3604713013241034,1.2358287613066492,0.0,-1.6615029758764652,-1.3135791548583706,-0.11382207864489462,0.0,1.3135791548583708,-1.4398850168178627,0.0,-0.9937341322441308,-0.46704664490281667,-0.7346068533621279,1.500909760513392,-3.2543909886702447,-3.0038351654421778,0.0,0.0,0.0,-0.8891846151128355,-1.1752881175663252,0.0,0.0,0.0,0.0,0.0,0.7361706728976767,-0.7119985833894045,0.0,0.0,-1.441297255579428
-1.1687626746618156,0.0,-0.17417017031876988,0.3813538940100081,0.0,-0.9526373390547616,0.0,0.0,0.6504881829622658,0.0,0.577127759093656,0.0,0.0,0.0,-1.0362165464798845,-0.24394588916570953,2.827428933102105,-0.7939618196239274,0.5108524230297654,0.0,0.0,-0.44231315393226595,-0.3823723542988364,0.0,-0.3920443776623992,0.992831448793946,0.0,0.6033653823231213,1.6603483841521802,0.0,-2.013769894181678,-1.6343829783102584,2.280148179994284,0.0,0.0,-0.4814014878425677,2.5976029572512327,0.0,0.7535446612504487,0.0,0.0,2.405607723809283,-1.1110166079825141,0.0,0.18257670610007337,1.2358287613066492,0.0,0.5591596553430411,-1.3135791548583706,-0.11382207864489462,0.0,-0.7612788283838284,-0.5953954921862893,0.0,2.4168595561986885,-0.46704664490281667,-0.9341710604318406,0.12836728214917167,0.33577049883105686,0.12116884557090611,0.0,0.0,0.0,0.7652046074283911,0.7867082242275473,0.0,0.0,0.0,0.0,0.0,-1.6715404690500186,1.5544396553385111,0.0,0.0,0.5184375490454521
0.7739340282140276,0.0,0.5853483763262195,-0.27763396962756864,0.0,1.0845409706161901,0.0,0.0,0.6504881829622658,0.0,1.634983915322467,0.0,0.0,0.0,0.7567390546907041,-0.24394588916570953,-0.5173593366952786,-0.3138718014500214,-0.6379198609117787,0.0,0.0,-1.5601591247792648,-1.753978992944986,0.0,2.7569619819028235,-1.0072203103706698,0.0,-1.547090723905439,-0.6022832373885363,0.0,0.3384487217112063,1.2053574465038157,-1.1132503730178465,0.0,0.0,0.41811526698619783,-0.990110393568993,0.0,2.159487049355313,0.0,0.0,-0.25741291979313485,0.5718243810443306,0.0,0.48620873336741144,-0.8091735937126869,0.0,0.5591596553430411,0.7612788283838287,-0.11382207864489462,0.0,-0.7612788283838284,0.24909403244528422,0.0,0.7115627119772787,-0.46704664490281667,-0.40199984157927343,-1.244175196215049,0.33577049883105686,0.09512714547913041,0.0,0.0,0.0,1.0015459249342806,0.15194470188247086,0.0,0.0,0.0,0.0,0.0,-0.06639970775155508,1.5544396553385111,0.0,0.0,-0.13159733700948345
-1.1687626746618156,0.0,2.199325287946822,0.2865388900077512,0.0,-0.9526373390547616,0.0,0.0,-1.7932376935716516,0.0,-1.0096564752495607,0.0,0.0,0.0,-1.0362165464798845,0.6979562940018905,-0.5173593366952786,1.1263982530716963,1.0852385650005374,0.0,0.0,0.6755328169147329,0.6463326246857758,0.0,-0.6783176830774194,0.992831448793946,0.0,0.6033653823231213,-0.6022832373885363,0.0,0.3384487217112063,1.2053574465038157,-1.1132503730178465,0.0,0.0,1.7361383065389209,1.0122382544722146,0.0,-0.6523977268544153,0.0,0.0,0.7901260063632666,-1.1110166079825141,0.0,-0.7731175436594169,-0.8091735937126869,0.0,0.5591596553430411,-1.3135791548583706,-0.11382207864489462,0.0,-0.7612788283838284,-0.5953954921862893,0.0,-0.9937341322441308,-0.46704664490281667,1.194513814978428,0.12836728214917167,2.1308512425817074,1.8138793515363265,0.0,0.0,0.0,-0.8891846151128355,-0.1365841719107457,0.0,0.0,0.0,0.0,0.0,-0.467684898076171,1.5544396553385111,0.0,0.0,0.3715778155293371
1.7452823796519492,0.0,-0.17417017031876988,-0.9644531030966537,0.0,-0.9526373390547616,0.0,0.0,0.6504881829622658,0.0,-0.48072839713515514,0.0,0.0,0.0,1.9520427888044298,0.6979562940018905,-0.5173593366952786,0.5862969826260522,0.4390541552834189,0.0,0.0,0.6755328169147329,0.6463326246857758,0.0,-0.6783176830774194,0.992831448793946,0.0,0.6033653823231213,-0.6022832373885363,0.0,0.3384487217112063,-0.4984868083846287,-0.40629234114031926,0.0,0.0,-1.231451712412777,-2.464004140683861,0.0,-0.6523977268544153,0.0,0.0,-1.1114305985471489,0.35116046327789674,0.0,-0.26540497347468767,-0.8091735937126869,0.0,0.5591596553430411,0.7612788283838287,-0.11382207864489462,0.0,1.3135791548583708,0.24909403244528422,0.0,0.7115627119772787,1.2875339940564134,0.59582119376929,-1.244175196215049,0.33577049883105686,-0.39966515626460786,0.0,0.0,0.0,0.883375266181336,-1.1752881175663252,0.0,0.0,0.0,0.0,0.0,-0.8689700884007868,1.5544396553385111,0.0,0.0,-0.08344660470911786
0.7739340282140276,0.0,1.62968637796308,2.078117920856367,0.0,1.0845409706161901,0.0,0.0,-1.7932376935716516,0.0,0.22450904035071892,0.0,0.0,0.0,0.7567390546907041,0.6979562940018905,1.1550347982034133,-1.454085594613048,-2.002086948092362,0.0,0.0,-0.8149284775479323,-1.0681756736219112,0.0,2.480912723109768,0.992831448793946,0.0,-1.547090723905439,1.6603483841521802,0.0,0.3384487217112063,0.6374093615410008,0.14513492372415193,0.0,0.0,-0.2938889317000154,-0.2345850274008672,0.0,-0.6523977268544153,0.0,0.0,0.7480561699714432,0.986405075029752,0.0,1.5439432545855971,-0.8091735937126869,0.0,0.5591596553430411,0.7612788283838287,1.8638365378101462,0.0,-0.7612788283838284,1.0935835570768577,0.0,2.4168595561986885,-0.46704664490281667,-1.6659064863541204,-1.244175196215049,0.33577049883105686,0.16674182073151358,0.0,0.0,0.0,0.14480864897543116,0.729002449468904,0.0,0.0,0.0,0.0,0.0,-0.467684898076171,-1.4674779962987097,0.0,0.0,1.0240202381992909
0.7739340282140276,0.0,-0.17417017031876988,1.1460062397197517,0.0,-0.9526373390547616,0.0,0.0,-1.7932376935716516,0.0,-0.48072839713515514,0.0,0.0,0.0,0.7567390546907041,-0.24394588916570953,-0.5173593366952786,0.5862969826260522,0.4390541552834189,0.0,0.0,0.6755328169147329,0.6463326246857758,0.0,-0.2693558181988191,-1.0072203103706698,0.0,0.6033653823231213,-0.6022832373885363,0.0,0.3384487217112063,-0.4984868083846287,0.8520929556016791,0.0,0.0,-0.788487268191965,0.04615663871625056,0.0,-0.6523977268544153,0.0,0.0,-0.06809865602992976,1.1892375650978881,0.0,1.287598182384484,1.2358287613066492,0.0,0.5591596553430411,0.7612788283838287,-0.11382207864489462,0.0,-0.7612788283838284,0.24909403244528422,0.0,0.7115627119772787,1.2875339940564134,0.59582119376929,0.12836728214917167,0.33577049883105686,-0.46476940649404713,0.0,0.0,0.0,-0.652843297606946,0.20965047664111416,0.0,0.0,0.0,0.0,0.0,0.3348854825730608,0.7989602424292058,0.0,0.0,1.4573768289025815
-1.1687626746618156,0.0,0.39546873966497215,-1.1352144535882807,0.0,1.0845409706161901,0.0,0.0,-1.7932376935716516,0.0,0.22450904035071892,0.0,0.0,0.0,-1.0362165464798845,-1.1858480723333096,1.1550347982034133,-1.8741643605152158,0.5826506907761119,0.0,0.0,-0.8149284775479323,-1.0681756736219112,0.0,-0.6783176830774194,0.992831448793946,0.0,-1.547090723905439,1.6603483841521802,0.0,0.3384487217112063,0.6374093615410008,0.0320216386237476,0.0,0.0,0.19255668495964937,0.3392839665738294,0.0,0.7535446612504487,0.0,0.0,1.2150313539206823,-1.1110166079825141,0.0,-0.521750045675801,1.2358287613066492,0.0,-1.6615029758764652,-1.3135791548583706,-0.11382207864489462,0.0,-0.7612788283838284,0.24909403244528422,0.0,-0.9937341322441308,3.042114633015643,-1.1337352675015533,1.500909760513392,0.33577049883105686,1.0586700488748313,0.0,0.0,0.0,-0.8891846151128355,-1.1752881175663252,0.0,0.0,0.0,0.0,0.0,0.3348854825730608,-0.7119985833894045,0.0,0.0,-0.7876510646019648
-1.1687626746618156,0.0,-0.17417017031876988,0.26436821743010896,0.0,-0.9526373390547616,0.0,0.0,-1.7932376935716516,0.0,0.22450904035071892,0.0,0.0,0.0,-1.0362165464798845,-1.1858480723333096,-0.5173593366952786,-1.3940743423413098,-1.9302886803460155,0.0,0.0,-0.8149284775479323,-1.0681756736219112,0.0,1.3255954548277222,0.992831448793946,0.0,-1.547090723905439,1.6603483841521802,0.0,0.3384487217112063,-1.0664348933474435,0.8520929556016791,0.0,0.0,-0.1851860006028836,0.9626956075103703,0.0,2.159487049355313,0.0,0.0,0.7396422026930786,-1.1110166079825141,0.0,-0.8029829889644009,-0.8091735937126869,0.0,0.5591596553430411,-1.3135791548583706,-0.11382207864489462,0.0,1.3135791548583708,-1.4398850168178627,0.0,0.7115627119772787,-0.46704664490281667,-1.5993850839975496,0.12836728214917167,-1.4593102449195938,-0.9335200081460097,0.0,0.0,0.0,-0.8891846151128355,2.027382381538379,0.0,0.0,0.0,0.0,0.0,0.3348854825730608,-0.7119985833894045,0.0,0.0,-0.9742351522658815
0.7739340282140276,0.0,0.2055891030037248,-0.343674270922673,0.0,-0.9526373390547616,0.0,0.0,0.6504881829622658,0.0,-1.0096564752495607,0.0,0.0,0.0,0.7567390546907041,1.6398584771694906,-0.5173593366952786,0.5262857303543139,0.4390541552834189,0.0,0.0,0.6755328169147329,0.6463326246857758,0.0,2.593377235951383,-1.0072203103706698,0.0,0.6033653823231213,-0.6022832373885363,0.0,-2.013769894181678,-0.4984868083846287,0.7757414881589062,0.0,0.0,-0.6825019103722615,0.09569928567809487,0.0,-0.6523977268544153,0.0,0.0,-0.1438243615352118,0.7791147280370414,0.0,0.7848631864172522,-0.8091735937126869,0.0,0.5591596553430411,0.7612788283838287,-0.11382207864489462,0.0,-0.7612788283838284,0.24909403244528422,0.0,2.4168595561986885,-0.46704664490281667,0.5292997914127191,-1.244175196215049,2.1308512425817074,1.2930453497008125,0.0,0.0,0.0,1.3166676816088,1.8831179446417705,0.0,0.0,0.0,0.0,0.0,2.34131143419614,0.04348082951990069,0.0,0.0,1.1203217028000223
0.7739340282140276,0.0,-0.5539294436412646,2.656442273626352,0.0,-0.9526373390547616,0.0,0.0,0.6504881829622658,0.0,-1.0096564752495607,0.0,0.0,0.0,0.7567390546907041,-0.24394588916570953,-0.5173593366952786,0.40626322581083746,0.2236593520443794,0.0,0.0,0.6755328169147329,0.6463326246857758,0.0,-0.6783176830774194,0.992831448793946,0.0,0.6033653823231213,-0.6022832373885363,0.0,0.3384487217112063,-0.4984868083846287,1.2083998036679529,0.0,0.0,-1.304826190903341,-0.21807081174691909,0.0,-0.6523977268544153,0.0,0.0,-0.46355511811306926,0.7523675864895948,0.0,0.565849920847369,1.2358287613066492,0.0,0.5591596553430411,0.7612788283838287,-0.11382207864489462,0.0,-0.7612788283838284,0.24909403244528422,0.0,-0.9937341322441308,-0.46704664490281667,0.3962569866995773,0.12836728214917167,0.33577049883105686,0.056064595341466864,0.0,0.0,0.0,1.828740536204894,1.6811477329865185,0.0,0.0,0.0,0.0,0.0,0.7361706728976767,0.7989602424292058,0.0,0.0,1.1564347520252964
-1.1687626746618156,0.0,0.6802881946568432,0.2549338886736655,0.0,-0.9526373390547616,0.0,0.0,0.6504881829622658,0.0,-1.0096564752495607,0.0,0.0,0.0,-1.0362165464798845,0.6979562940018905,-0.5173593366952786,0.5262857303543139,0.3672558875370724,0.0,0.0,0.6755328169147329,0.6463326246857758,0.0,1.192682848742177,-1.0072203103706698,0.0,0.6033653823231213,-0.6022832373885363,0.0,-4.365988510074562,-0.4984868083846287,0.8068476415615173,0.0,0.0,0.6083453964061785,2.1021764876327893,0.0,-0.6523977268544153,0.0,0.0,1.9470465071384087,-1.1110166079825141,0.0,-0.08870108875353191,1.2358287613066492,0.0,0.5591596553430411,-1.3135791548583706,-0.11382207864489462,0.0,-0.7612788283838284,-0.5953954921862893,0.0,-0.9937341322441308,-0.46704664490281667,0.5292997914127191,0.12836728214917167,0.33577049883105686,0.7526800727964668,0.0,0.0,0.0,0.5288632899225016,-0.3385543835659973,0.0,0.0,0.0,0.0,0.0,-0.06639970775155508,0.7989602424292058,0.0,0.0,0.49436218289526934
0.7739340282140276,0.0,-0.17417017031876988,-0.13659075471873872,0.0,-0.9526373390547616,0.0,0.0,-1.1823062244381723,0.0,-0.48072839713515514,0.0,0.0,0.0,0.7567390546907041,0.6979562940018905,-0.5173593366952786,0.6463082348977904,0.5108524230297654,0.0,0.0,0.6755328169147329,0.6463326246857758,0.0,1.1620107088762819,-1.0072203103706698,0.0,0.6033653823231213,-0.6022832373885363,0.0,0.3384487217112063,1.2053574465038157,-1.1132503730178465,0.0,0.0,0.806728245658444,-0.39972718394034823,0.0,-0.6523977268544153,0.0,0.0,-0.6486623982370919,1.4544800521100665,0.0,1.2403112273182593,-0.8091735937126869,0.0,0.5591596553430411,0.7612788283838287,-0.11382207864489462,0.0,-0.7612788283838284,1.0935835570768577,0.0,0.7115627119772787,1.2875339940564134,0.6623425961258609,-1.244175196215049,0.33577049883105686,-0.17831070548451441,0.0,0.0,0.0,0.5288632899225016,0.20965047664111416,0.0,0.0,0.0,0.0,0.0,-0.467684898076171,1.5544396553385111,0.0,0.0,0.9397564566736512
-1.1687626746618156,0.0,-0.7438090803025119,-1.0823822125521971,0.0,1.0845409706161901,0.0,0.0,0.6504881829622658,0.0,1.634983915322467,0.0,0.0,0.0,-1.0362165464798845,0.6979562940018905,-0.5173593366952786,0.8263419917130052,0.7980454940151515,0.0,0.0,0.6755328169147329,0.6463326246857758,0.0,0.5485679115583815,0.992831448793946,0.0,0.6033653823231213,-0.6022832373885363,0.0,0.3384487217112063,-0.4984868083846287,0.8096754736890275,0.0,0.0,-0.5085772206168506,0.4094693831031088,0.0,-0.6523977268544153,0.0,0.0,0.17590639504264566,-1.1110166079825141,0.0,-1.136480461536723,1.2358287613066492,0.0,-1.6615029758764652,-1.3135791548583706,-0.11382207864489462,0.0,-0.7612788283838284,-0.5953954921862893,0.0,-0.9937341322441308,-0.46704664490281667,-0.7346068533621279,1.500909760513392,-3.2543909886702447,-3.0038351654421778,0.0,0.0,0.0,-0.8891846151128355,-1.1752881175663252,0.0,0.0,0.0,0.0,0.0,-0.8689700884007868,0.04348082951990069,0.0,0.0,-1.022385884566247
0.7739340282140276,0.0,-0.17417017031876988,2.362562932863138,0.0,-0.9526373390547616,0.0,0.0,-1.1823062244381723,0.0,0.577127759093656,0.0,0.0,0.0,0.7567390546907041,-0.24394588916570953,-0.5173593366952786,-1.1540293332543567,-1.6430956093606297,0.0,0.0,-1.5601591247792648,-1.753978992944986,0.0,1.8981420656577626,0.992831448793946,0.0,-1.547090723905439,1.6603483841521802,0.0,0.3384487217112063,0.6374093615410008,0.06312779202635879,0.0,0.0,-0.48411906111999603,-0.6433118648360827,0.0,0.7535446612504487,0.0,0.0,0.24742511690874536,0.8861032942268275,0.0,1.135782168750815,-0.8091735937126869,0.0,0.5591596553430411,0.7612788283838287,1.8638365378101462,0.0,1.3135791548583708,1.0935835570768577,0.0,0.7115627119772787,-0.46704664490281667,-1.333299474571266,0.12836728214917167,0.33577049883105686,0.21882522091506498,0.0,0.0,0.0,-0.8891846151128355,0.729002449468904,0.0,0.0,0.0,0.0,0.0,-0.06639970775155508,-1.4674779962987097,0.0,0.0,0.15730705679271015
-1.1687626746618156,0.0,-0.17417017031876988,0.6252312923640719,0.0,-0.9526373390547616,0.0,0.0,-1.1823062244381723,0.0,2.340221352808341,0.0,0.0,0.0,-1.0362165464798845,-0.24394588916570953,1.1550347982034133,-0.3738830537217597,-0.7097181286581251,0.0,0.0,-0.44231315393226595,-0.3823723542988364,0.0,-0.6783176830774194,0.992831448793946,0.0,0.6033653823231213,-0.6022832373885363,0.0,0.3384487217112063,-1.0664348933474435,0.7531188311388253,0.0,0.0,-0.041154616899183975,1.0370095779531368,0.0,2.159487049355313,0.0,0.0,0.8153679081983606,-1.1110166079825141,0.0,-0.7581848210069247,-0.8091735937126869,0.0,0.5591596553430411,-1.3135791548583706,-0.11382207864489462,0.0,1.3135791548583708,-0.5953954921862893,0.0,-0.9937341322441308,-0.46704664490281667,-0.4685212439358443,1.500909760513392,0.33577049883105686,0.3555441463968874,0.0,0.0,0.0,-0.8891846151128355,-1.1752881175663252,0.0,0.0,0.0,0.0,0.0,-0.06639970775155508,0.04348082951990069,0.0,0.0,-0.5047655123373169
0.04542276463558641,0.0,-1.5033276269475013,-2.0258150881965444,0.0,1.0845409706161901,0.0,0.0,0.6504881829622658,0.0,1.1060558372080616,0.0,0.0,0.0,-1.6338684135367472,-2.1277502555009096,1.1550347982034133,-2.0541981173304307,-2.720069625555827,0.0,0.0,-0.8149284775479323,-1.0681756736219112,0.0,-0.6783176830774194,0.992831448793946,0.0,-1.547090723905439,1.6603483841521802,0.0,0.3384487217112063,1.2053574465038157,-1.1132503730178465,0.0,0.0,0.8012930991035874,-0.4079842917673223,0.0,-0.6523977268544153,0.0,0.0,-0.6570763655154567,-1.1110166079825141,0.0,-1.6292603090689601,-0.8091735937126869,0.0,-1.6615029758764652,-1.3135791548583706,-4.069139311554976,0.0,1.3135791548583708,-2.2843745414494365,0.0,-0.9937341322441308,-0.46704664490281667,-0.7346068533621279,1.500909760513392,-3.2543909886702447,-3.0038351654421778,0.0,0.0,0.0,-0.8891846151128355,-1.1752881175663252,0.0,0.0,0.0,0.0,0.0,-0.8689700884007868,-0.7119985833894045,0.0,0.0,-1.932434725043157
0.7739340282140276,0.0,-0.8387488986331356,-0.7314251828124998,0.0,-0.9526373390547616,0.0,0.0,0.6504881829622658,0.0,-0.48072839713515514,0.0,0.0,0.0,0.7567390546907041,0.6979562940018905,-0.5173593366952786,0.8263419917130052,0.7262472262688049,0.0,0.0,0.6755328169147329,0.6463326246857758,0.0,-0.6783176830774194,-1.0072203103706698,0.0,0.6033653823231213,-0.6022832373885363,0.0,0.3384487217112063,1.2053574465038157,-1.1132503730178465,0.0,0.0,0.687155021451599,-0.5813835561337773,0.0,-0.6523977268544153,0.0,0.0,-0.8337696783611147,0.8504404388302321,0.0,0.45634328806242735,-0.8091735937126869,0.0,0.5591596553430411,0.7612788283838287,-0.11382207864489462,0.0,-0.7612788283838284,0.24909403244528422,0.0,0.7115627119772787,-0.46704664490281667,0.8619068031955736,-1.244175196215049,0.33577049883105686,-0.13924815534685087,0.0,0.0,0.0,0.09557087449503751,0.20965047664111416,0.0,0.0,0.0,0.0,0.0,-0.467684898076171,-0.7119985833894045,0.0,0.0,0.0008171768165219464
-1.1687626746618156,0.0,1.1549872863099615,0.2950297858885503,0.0,1.0845409706161901,0.0,0.0,-1.7932376935716516,0.0,-0.6570377565066237,0.0,0.0,0.0,-1.0362165464798845,-0.24394588916570953,-0.5173593366952786,1.1263982530716963,1.0852385650005374,0.0,0.0,0.6755328169147329,0.6463326246857758,0.0,-0.6783176830774194,0.992831448793946,0.0,0.6033653823231213,-0.6022832373885363,0.0,-2.013769894181678,-0.4984868083846287,-1.0114484164274824,0.0,0.0,1.600259642667506,0.9544384996833962,0.0,-0.6523977268544153,0.0,0.0,0.7312282354147138,-1.1110166079825141,0.0,-0.8079605631818982,-0.8091735937126869,0.0,0.5591596553430411,-1.3135791548583706,-0.11382207864489462,0.0,-0.7612788283838284,-0.5953954921862893,0.0,-0.9937341322441308,-0.46704664490281667,1.194513814978428,0.12836728214917167,0.33577049883105686,-0.00903965488797238,0.0,0.0,0.0,0.09557087449503751,-0.5405245952212488,0.0,0.0,0.0,0.0,0.0,-1.2702552787254027,1.5544396553385111,0.0,0.0,0.06100559219197895
-1.1687626746618156,0.0,-0.5539294436412646,-0.6342515966211321,0.0,1.0845409706161901,0.0,0.0,0.6504881829622658,0.0,-1.0096564752495607,0.0,0.0,0.0,-1.0362165464798845,0.6979562940018905,-0.5173593366952786,0.8263419917130052,0.7262472262688049,0.0,0.0,0.6755328169147329,0.6463326246857758,0.0,2.0412787183652727,-1.0072203103706698,0.0,0.6033653823231213,-0.6022832373885363,0.0,-2.013769894181678,-0.4984868083846287,1.5618788196067164,0.0,0.0,-0.26399562564830414,1.87923457630449,0.0,-0.6523977268544153,0.0,0.0,1.6735925705915569,-1.1110166079825141,0.0,-0.2504722508221956,1.2358287613066492,0.0,0.5591596553430411,-1.3135791548583706,-0.11382207864489462,0.0,-0.7612788283838284,1.0935835570768577,0.0,-0.9937341322441308,-0.46704664490281667,0.8619068031955736,1.500909760513392,0.33577049883105686,0.14721054566268182,0.0,0.0,0.0,0.479625515442108,1.6522948456071969,0.0,0.0,0.0,0.0,0.0,-0.8689700884007868,0.04348082951990069,0.0,0.0,0.6388143797963661
0.7739340282140276,0.0,-0.17417017031876988,-0.9168097428766141,0.0,1.0845409706161901,0.0,0.0,0.6504881829622658,0.0,-0.48072839713515514,0.0,0.0,0.0,0.7567390546907041,-0.24394588916570953,-0.5173593366952786,0.7063194871695286,0.5826506907761119,0.0,0.0,0.6755328169147329,0.6463326246857758,0.0,-0.6783176830774194,-1.0072203103706698,0.0,0.6033653823231213,-0.6022832373885363,0.0,0.3384487217112063,-0.4984868083846287,0.6541447066759715,0.0,0.0,-0.9569768113925193,-0.4988124778640369,0.0,-0.6523977268544153,0.0,0.0,-0.7496300055774681,1.3408047005334185,0.0,1.0536521941621086,1.2358287613066492,0.0,0.5591596553430411,0.7612788283838287,1.8638365378101462,0.0,-0.7612788283838284,1.0935835570768577,0.0,2.4168595561986885,1.2875339940564134,0.7288639984824318,-1.244175196215049,0.33577049883105686,-0.13924815534685087,0.0,0.0,0.0,1.9469111949578388,0.20965047664111416,0.0,0.0,0.0,0.0,0.0,-0.467684898076171,1.5544396553385111,0.0,0.0,0.7953042597725544
0.7739340282140276,0.0,-0.17417017031876988,-0.43141352835759733,0.0,-0.9526373390547616,0.0,0.0,0.6504881829622658,0.0,1.634983915322467,0.0,0.0,0.0,0.7567390546907041,0.6979562940018905,-0.5173593366952786,0.22622946899562274,0.5826506907761119,0.0,0.0,0.6755328169147329,0.6463326246857758,0.0,-0.6783176830774194,-1.0072203103706698,0.0,0.6033653823231213,-0.6022832373885363,0.0,0.3384487217112063,-0.4984868083846287,0.8520929556016791,0.0,0.0,-0.90806049239881,-0.13549973347717859,0.0,-0.6523977268544153,0.0,0.0,0.7732980718065372,0.8682718665285298,0.0,1.4269702604744097,1.2358287613066492,0.0,0.5591596553430411,0.7612788283838287,-0.11382207864489462,0.0,-0.7612788283838284,1.0935835570768577,0.0,2.4168595561986885,-0.46704664490281667,0.19669277962986462,0.12836728214917167,0.33577049883105686,0.010491620180859394,0.0,0.0,0.0,-0.8891846151128355,2.5755872417454904,0.0,0.0,0.0,0.0,0.0,-0.467684898076171,1.5544396553385111,0.0,0.0,0.5184375490454521
0.7739340282140276,0.0,0.11064928467310113,0.7181594306150402,0.0,1.0845409706161901,0.0,0.0,0.6504881829622658,0.0,-1.0096564752495607,0.0,0.0,0.0,0.7567390546907041,0.6979562940018905,-0.5173593366952786,0.766330739441267,0.6544489585224584,0.0,0.0,0.6755328169147329,0.6463326246857758,0.0,0.35431102574104634,-1.0072203103706698,0.0,0.6033653823231213,-0.6022832373885363,0.0,0.3384487217112063,1.2053574465038157,-1.1132503730178465,0.0,0.0,0.687155021451599,-0.5813835561337773,0.0,-0.6523977268544153,0.0,0.0,-0.8337696783611147,0.7345361587912972,0.0,0.3269263584074964,-0.8091735937126869,0.0,0.5591596553430411,0.7612788283838287,-0.11382207864489462,0.0,-0.7612788283838284,1.0935835570768577,0.0,-0.9937341322441308,-0.46704664490281667,0.7953854008390027,0.12836728214917167,0.33577049883105686,0.2513773460297846,0.0,0.0,0.0,0.5288632899225016,0.7867082242275473,0.0,0.0,0.0,0.0,0.0,1.1374558632222926,-0.7119985833894045,0.0,0.0,-0.08344660470911786
0.7739340282140276,0.0,-0.5539294436412646,-0.6738757773981946,0.0,-0.9526373390547616,0.0,0.0,0.6504881829622658,0.0,1.634983915322467,0.0,0.0,0.0,0.7567390546907041,-0.24394588916570953,-0.5173593366952786,0.8263419917130052,0.7262472262688049,0.0,0.0,0.6755328169147329,0.6463326246857758,0.0,-0.6783176830774194,-1.0072203103706698,0.0,0.6033653823231213,-0.6022832373885363,0.0,0.3384487217112063,1.2053574465038157,-1.1132503730178465,0.0,0.0,0.5730169437996107,-0.7547828205002325,0.0,-0.6523977268544153,0.0,0.0,-1.0104629912067729,0.7657411572633182,0.0,0.25724031936253355,-0.8091735937126869,0.0,0.5591596553430411,0.7612788283838287,-0.11382207864489462,0.0,-0.7612788283838284,-0.5953954921862893,0.0,-0.9937341322441308,-0.46704664490281667,0.8619068031955736,0.12836728214917167,0.33577049883105686,0.3815858464886631,0.0,0.0,0.0,0.46977796054602927,0.1230918145031492,0.0,0.0,0.0,0.0,0.0,2.34131143419614,0.04348082951990069,0.0,0.0,-0.25197416776039744
0.7739340282140276,0.0,-0.4589896253106409,-0.498397262528346,0.0,-0.9526373390547616,0.0,0.0,0.6504881829622658,0.0,-0.48072839713515514,0.0,0.0,0.0,0.7567390546907041,0.6979562940018905,-0.5173593366952786,0.5262857303543139,0.3672558875370724,0.0,0.0,0.6755328169147329,0.6463326246857758,0.0,2.409344396756013,-1.0072203103706698,0.0,0.6033653823231213,-0.6022832373885363,0.0,0.3384487217112063,1.2053574465038157,-1.1132503730178465,0.0,0.0,1.0540274139044188,-0.02402877781302888,0.0,-0.6523977268544153,0.0,0.0,-0.13961737789602946,1.75538539451884,0.0,1.8774407271579194,-0.8091735937126869,0.0,0.5591596553430411,0.7612788283838287,1.8638365378101462,0.0,-0.7612788283838284,1.0935835570768577,0.0,0.7115627119772787,1.2875339940564134,0.5292997914127191,-1.244175196215049,0.33577049883105686,-0.21086283059923405,0.0,0.0,0.0,1.0015459249342806,-1.1752881175663252,0.0,0.0,0.0,0.0,0.0,-1.6715404690500186,-1.4674779962987097,0.0,0.0,1.1203217028000223
0.7739340282140276,0.0,2.0094456512855747,0.9290166783215518,0.0,-0.9526373390547616,0.0,0.0,-1.1823062244381723,0.0,0.7534371184651244,0.0,0.0,0.0,0.7567390546907041,1.6398584771694906,2.827428933102105,0.5262857303543139,0.9416420295078444,0.0,0.0,0.6755328169147329,0.6463326246857758,0.0,2.8796505413664035,-1.0072203103706698,0.0,0.6033653823231213,-0.6022832373885363,0.0,0.3384487217112063,-0.4984868083846287,0.3685336617974505,0.0,0.0,0.11102948663680054,0.7067252648741748,0.0,-0.6523977268544153,0.0,0.0,0.5292930207339618,1.354178271307142,0.0,1.8251761978741972,-0.8091735937126869,0.0,0.5591596553430411,0.7612788283838287,1.8638365378101462,0.0,-0.7612788283838284,1.9380730817084313,0.0,0.7115627119772787,-0.46704664490281667,0.5292997914127191,-1.244175196215049,2.1308512425817074,1.3646600249531957,0.0,0.0,0.0,0.4106926311695569,0.4693264630550091,0.0,0.0,0.0,0.0,0.0,-0.8689700884007868,1.5544396553385111,0.0,0.0,2.56484367181099
-1.1687626746618156,0.0,0.49040855799559585,-0.6984050321649476,0.0,1.0845409706161901,0.0,0.0,-1.7932376935716516,0.0,0.0481996809792504,0.0,0.0,0.0,-1.0362165464798845,-1.1858480723333096,2.827428933102105,-0.49390555826523613,-0.8533146641508181,0.0,0.0,-1.5601591247792648,-1.4110773332834488,0.0,-0.6783176830774194,0.992831448793946,0.0,-1.547090723905439,1.6603483841521802,0.0,-4.365988510074562,-1.6343829783102584,0.4307459686026729,0.0,0.0,-0.861861746682529,-0.680468850057466,0.0,2.159487049355313,0.0,0.0,-0.9347372857014907,-1.1110166079825141,0.0,-1.7935202582463725,-0.8091735937126869,0.0,-1.6615029758764652,-1.3135791548583706,-2.0914806950999356,0.0,1.3135791548583708,-1.4398850168178627,0.0,-0.9937341322441308,-0.46704664490281667,-0.6015640486489862,1.500909760513392,-1.4593102449195938,-1.2850829593849815,0.0,0.0,0.0,0.7652046074283911,-1.1752881175663252,0.0,0.0,0.0,0.0,0.0,-0.06639970775155508,-0.7119985833894045,0.0,0.0,-1.4196294260442632
-1.1687626746618156,0.0,-0.17417017031876988,-0.7875594389133385,0.0,-0.9526373390547616,0.0,0.0,-1.7932376935716516,0.0,0.22450904035071892,0.0,0.0,0.0,-1.0362165464798845,-2.1277502555009096,-2.1897534715939706,-1.1540293332543567,-1.6430956093606297,0.0,0.0,-1.5601591247792648,-1.753978992944986,0.0,-0.6783176830774194,0.992831448793946,0.0,-1.547090723905439,1.6603483841521802,0.0,0.3384487217112063,-1.0664348933474435,0.6230385532733603,0.0,0.0,-0.9325186518956646,-0.5070695856910109,0.0,2.159487049355313,0.0,0.0,-0.7580439728558327,-1.1110166079825141,0.0,-1.6889911996789282,-0.8091735937126869,0.0,-1.6615029758764652,-1.3135791548583706,-0.11382207864489462,0.0,1.3135791548583708,-1.4398850168178627,0.0,-0.9937341322441308,-0.46704664490281667,-0.7346068533621279,1.500909760513392,-3.2543909886702447,-3.0038351654421778,0.0,0.0,0.0,-0.8891846151128355,-1.1752881175663252,0.0,0.0,0.0,0.0,0.0,-0.06639970775155508,-1.4674779962987097,0.0,0.0,-2.2983802905259356
0.7739340282140276,0.0,-0.4589896253106409,3.033815423884091,0.0,0.40548153405920623,0.0,0.0,0.6504881829622658,0.0,-1.0096564752495607,0.0,0.0,0.0,0.7567390546907041,1.6398584771694906,-0.5173593366952786,0.4662744780825757,0.3672558875370724,0.0,0.0,0.6755328169147329,0.6463326246857758,0.0,-0.6783176830774194,-1.0072203103706698,0.0,0.6033653823231213,-0.6022832373885363,0.0,0.3384487217112063,-0.4984868083846287,-0.31862954518750586,0.0,0.0,0.4344207066507676,0.1947845796017835,0.0,-0.6523977268544153,0.0,0.0,0.7228142681363492,1.6573125421782027,0.0,2.2781354516664556,-0.8091735937126869,0.0,0.5591596553430411,0.7612788283838287,1.8638365378101462,0.0,-0.7612788283838284,1.9380730817084313,0.0,0.7115627119772787,1.2875339940564134,0.4627783890561482,-1.244175196215049,0.33577049883105686,1.4427851252285229,0.0,0.0,0.0,1.1591068032715404,0.2673562513997575,0.0,0.0,0.0,0.0,0.0,-0.467684898076171,-0.7119985833894045,0.0,0.0,2.011110250356786
-0.6830884989428547,0.0,-0.17417017031876988,1.2016687793827683,0.0,-0.9526373390547616,0.0,0.0,0.6504881829622658,0.0,-0.6570377565066237,0.0,0.0,0.0,-1.0362165464798845,-2.1277502555009096,-0.5173593366952786,-3.0143781536782424,-3.150859232033906,0.0,0.0,0.6755328169147329,0.6463326246857758,0.0,-0.6783176830774194,0.992831448793946,0.0,-1.547090723905439,1.6603483841521802,0.0,0.3384487217112063,-1.0664348933474435,-0.3723583556101979,0.0,0.0,0.03221986159137998,-0.49468392395054983,0.0,-0.6523977268544153,0.0,0.0,-0.7454230219382857,-1.1110166079825141,0.0,-1.6815248383526822,-0.8091735937126869,0.0,-1.6615029758764652,-1.3135791548583706,-4.069139311554976,0.0,1.3135791548583708,-2.2843745414494365,0.0,-0.9937341322441308,3.042114633015643,-1.998513498136975,1.500909760513392,0.33577049883105686,0.5052839219245977,0.0,0.0,0.0,0.6667290584676039,-1.1752881175663252,0.0,0.0,0.0,0.0,0.0,-1.2702552787254027,0.7989602424292058,0.0,0.0,-2.430794804351941
0.7739340282140276,0.0,-0.17417017031876988,-0.9951146715550949,0.0,-0.9526373390547616,0.0,0.0,0.6504881829622658,0.0,-0.48072839713515514,0.0,0.0,0.0,0.7567390546907041,-0.24394588916570953,-0.5173593366952786,0.1662182167238845,0.008264548805339899,0.0,0.0,-1.5601591247792648,-1.753978992944986,0.0,0.46677553858266146,0.992831448793946,0.0,0.6033653823231213,-0.6022832373885363,0.0,0.3384487217112063,-1.6343829783102584,0.35156666903238987,0.0,0.0,-1.1091609149285038,-1.171766765762422,0.0,0.7535446612504487,0.0,0.0,-1.4353683387641887,0.6810418756964041,0.0,-0.08870108875353191,-0.8091735937126869,0.0,0.5591596553430411,0.7612788283838287,-0.11382207864489462,0.0,-0.7612788283838284,-0.5953954921862893,0.0,0.7115627119772787,-0.46704664490281667,0.13017137727329373,-1.244175196215049,0.33577049883105686,-0.26945665580572936,0.0,0.0,0.0,0.9818508151421232,0.642443787330939,0.0,0.0,0.0,0.0,0.0,-0.467684898076171,-1.4674779962987097,0.0,0.0,-0.4301318772717502
0.7739340282140276,0.0,0.015709466342477454,-0.9432258633946559,0.0,-0.9526373390547616,0.0,0.0,0.6504881829622658,0.0,-0.48072839713515514,0.0,0.0,0.0,0.7567390546907041,0.6979562940018905,-0.5173593366952786,0.8263419917130052,0.7980454940151515,0.0,0.0,0.6755328169147329,0.6463326246857758,0.0,-0.6783176830774194,-1.0072203103706698,0.0,0.6033653823231213,-0.6022832373885363,0.0,0.3384487217112063,-0.4984868083846287,0.08857828117394977,0.0,0.0,-0.8047927078565348,-1.0933242414061686,0.0,-0.6523977268544153,0.0,0.0,-1.3554356496197242,0.48489617101512944,0.0,-0.26042739925719033,1.2358287613066492,0.0,0.5591596553430411,0.7612788283838287,-0.11382207864489462,0.0,-0.7612788283838284,-0.5953954921862893,0.0,0.7115627119772787,-0.46704664490281667,0.8619068031955736,-1.244175196215049,0.33577049883105686,-0.19133155553040226,0.0,0.0,0.0,0.09557087449503751,0.2962091387790791,0.0,0.0,0.0,0.0,0.0,0.3348854825730608,0.7989602424292058,0.0,0.0,0.12119400756743595
-1.1687626746618156,0.0,-0.07923035198814622,-0.7635019005844077,0.0,1.0845409706161901,0.0,0.0,0.6504881829622658,0.0,0.22450904035071892,0.0,0.0,0.0,-1.0362165464798845,-1.1858480723333096,1.1550347982034133,-1.934175612786954,-0.1353319866873531,0.0,0.0,1.0481481405303992,0.9892342843473132,0.0,-0.6783176830774194,0.992831448793946,0.0,-1.547090723905439,1.6603483841521802,0.0,0.3384487217112063,0.6374093615410008,1.2790956068557056,0.0,0.0,-1.0249161433282266,0.31038408917942023,0.0,0.05057346719801669,0.0,0.0,0.07493878770226962,-1.1110166079825141,0.0,-1.196211352146691,1.2358287613066492,0.0,-1.6615029758764652,-1.3135791548583706,-0.11382207864489462,0.0,1.3135791548583708,-0.5953954921862893,0.0,-0.9937341322441308,-0.46704664490281667,-2.1980777052066878,0.12836728214917167,-1.4593102449195938,-0.9986242583754489,0.0,0.0,0.0,-0.8891846151128355,-1.1752881175663252,0.0,0.0,0.0,0.0,0.0,0.7361706728976767,-0.7119985833894045,0.0,0.0,-1.0705366168666126
0.7739340282140276,0.0,-1.1235683536250067,-0.35499546543040517,0.0,-0.9526373390547616,0.0,0.0,0.6504881829622658,0.0,-0.48072839713515514,0.0,0.0,0.0,0.7567390546907041,-0.24394588916570953,-0.5173593366952786,0.4662744780825757,0.2954576197907259,0.0,0.0,0.6755328169147329,0.6463326246857758,0.0,-0.6783176830774194,0.992831448793946,0.0,0.6033653823231213,-0.6022832373885363,0.0,-4.365988510074562,-0.4984868083846287,1.2281946285605236,0.0,0.0,-1.2830856046839147,-0.15614250304461372,0.0,0.7535446612504487,0.0,0.0,-0.4004503635253342,0.438088673307098,0.0,0.2522627451450362,1.2358287613066492,0.0,0.5591596553430411,0.7612788283838287,-0.11382207864489462,0.0,1.3135791548583708,0.24909403244528422,0.0,2.4168595561986885,-0.46704664490281667,0.4627783890561482,-1.244175196215049,0.33577049883105686,0.06908544538735471,0.0,0.0,0.0,0.09557087449503751,-0.07887839715210239,0.0,0.0,0.0,0.0,0.0,0.3348854825730608,0.04348082951990069,0.0,0.0,0.20545778909307574
0.7739340282140276,0.0,1.344866922971209,2.0738724729159674,0.0,1.0845409706161901,0.0,0.0,0.6504881829622658,0.0,2.1639119934368725,0.0,0.0,0.0,0.7567390546907041,1.6398584771694906,-0.5173593366952786,0.7063194871695286,0.5826506907761119,0.0,0.0,0.6755328169147329,0.6463326246857758,0.0,-0.6783176830774194,-1.0072203103706698,0.0,0.6033653823231213,-0.6022832373885363,0.0,0.3384487217112063,1.2053574465038157,-1.1132503730178465,0.0,0.0,1.0322868276849924,-0.05705720912092509,0.0,-0.6523977268544153,0.0,0.0,-0.19010118156621747,0.9284529350102846,0.0,0.9242352645071777,-0.8091735937126869,0.0,0.5591596553430411,0.7612788283838287,1.8638365378101462,0.0,-0.7612788283838284,1.9380730817084313,0.0,-0.9937341322441308,-0.46704664490281667,0.7288639984824318,-1.244175196215049,0.33577049883105686,-0.1978419805533462,0.0,0.0,0.0,0.4402352958577931,-1.1752881175663252,0.0,0.0,0.0,0.0,0.0,-0.8689700884007868,1.5544396553385111,0.0,0.0,0.4678792801300683
-1.1687626746618156,0.0,-0.17417017031876988,-0.2578218792390374,0.0,-0.9526373390547616,0.0,0.0,0.6504881829622658,0.0,-0.48072839713515514,0.0,0.0,0.0,-1.0362165464798845,-0.24394588916570953,1.1550347982034133,0.10620696445214627,-0.1353319866873531,0.0,0.0,-1.5601591247792648,-1.753978992944986,0.0,0.4054312588508714,0.992831448793946,0.0,0.6033653823231213,-0.6022832373885363,0.0,0.3384487217112063,-0.4984868083846287,0.47033561838781446,0.0,0.0,0.02950228831395169,0.7314965883550969,0.0,0.7535446612504487,0.0,0.0,0.5419139716515088,-1.1110166079825141,0.0,-0.9199559830755885,1.2358287613066492,0.0,0.5591596553430411,-1.3135791548583706,-0.11382207864489462,0.0,-0.7612788283838284,-0.5953954921862893,0.0,-0.9937341322441308,-0.46704664490281667,0.06364997491672283,0.12836728214917167,0.33577049883105686,-0.39966515626460786,0.0,0.0,0.0,0.2925219724166121,-0.42511304570396224,0.0,0.0,0.0,0.0,0.0,0.3348854825730608,0.7989602424292058,0.0,0.0,-0.25197416776039744
-1.1687626746618156,0.0,0.6802881946568432,-0.940867281205545,0.0,1.0845409706161901,0.0,0.0,0.6504881829622658,0.0,0.22450904035071892,0.0,0.0,0.0,-1.0362165464798845,-1.1858480723333096,1.1550347982034133,-2.174220621873907,-2.86366616104852,0.0,0.0,-1.5601591247792648,-1.753978992944986,0.0,1.3664916413155823,0.992831448793946,0.0,0.6033653823231213,1.6603483841521802,0.0,0.3384487217112063,0.06946127657818606,0.41377897583761225,0.0,0.0,0.38278681437963,1.1856375188386696,0.0,0.7535446612504487,0.0,0.0,0.9668193192089246,-1.1110166079825141,0.0,-0.6685884850919726,-0.8091735937126869,0.0,-1.6615029758764652,-1.3135791548583706,-2.0914806950999356,0.0,1.3135791548583708,0.24909403244528422,0.0,0.7115627119772787,-0.46704664490281667,-2.4641633146329713,-1.244175196215049,-1.4593102449195938,-1.4152914598438602,0.0,0.0,0.0,-0.8891846151128355,1.6522948456071969,0.0,0.0,0.0,0.0,0.0,-1.2702552787254027,1.5544396553385111,0.0,0.0,-1.2390641799178923
0.7739340282140276,0.0,-0.17417017031876988,-0.7894463046646272,0.0,-0.9526373390547616,0.0,0.0,0.6504881829622658,0.0,-0.48072839713515514,0.0,0.0,0.0,0.7567390546907041,-0.24394588916570953,-0.5173593366952786,0.5862969826260522,0.4390541552834189,0.0,0.0,0.6755328169147329,0.6463326246857758,0.0,-0.6783176830774194,0.992831448793946,0.0,0.6033653823231213,-0.6022832373885363,0.0,0.3384487217112063,1.2053574465038157,-1.1132503730178465,0.0,0.0,0.9942408018009963,-0.11485696390974345,0.0,-0.6523977268544153,0.0,0.0,-0.3583805271335109,0.47375152870369336,0.0,0.3169712099725017,-0.8091735937126869,0.0,0.5591596553430411,0.7612788283838287,-0.11382207864489462,0.0,1.3135791548583708,0.24909403244528422,0.0,0.7115627119772787,-0.46704664490281667,0.59582119376929,0.12836728214917167,0.33577049883105686,-0.00903965488797238,0.0,0.0,0.0,0.09557087449503751,-0.02117262239345908,0.0,0.0,0.0,0.0,0.0,-2.0728256593746344,-1.4674779962987097,0.0,0.0,-0.26641938745050714
0.7739340282140276,0.0,-0.5539294436412646,-0.7521807060766755,0.0,1.0845409706161901,0.0,0.0,0.6504881829622658,0.0,-1.0096564752495607,0.0,0.0,0.0,0.7567390546907041,0.6979562940018905,-0.5173593366952786,0.766330739441267,0.7262472262688049,0.0,0.0,0.6755328169147329,0.6463326246857758,0.0,-0.6783176830774194,-1.0072203103706698,0.0,0.6033653823231213,-0.6022832373885363,0.0,0.3384487217112063,1.2053574465038157,-1.1132503730178465,0.0,0.0,0.706178034393597,-0.5524836787393682,0.0,-0.6523977268544153,0.0,0.0,-0.8043207928868383,1.2984550597499616,0.0,0.9740110066821512,-0.8091735937126869,0.0,0.5591596553430411,0.7612788283838287,1.8638365378101462,0.0,-0.7612788283838284,1.0935835570768577,0.0,0.7115627119772787,1.2875339940564134,0.7953854008390027,-1.244175196215049,0.33577049883105686,-0.17831070548451441,0.0,0.0,0.0,0.09557087449503751,0.20965047664111416,0.0,0.0,0.0,0.0,0.0,0.3348854825730608,-0.7119985833894045,0.0,0.0,0.8675303582231028
-1.1687626746618156,0.0,2.104385469616198,-0.1946118765708661,0.0,-0.9526373390547616,0.0,0.0,-1.1823062244381723,0.0,-1.0096564752495607,0.0,0.0,0.0,-1.0362165464798845,0.6979562940018905,-0.5173593366952786,0.5262857303543139,0.4390541552834189,0.0,0.0,0.6755328169147329,0.6463326246857758,0.0,0.5996881446682065,-1.0072203103706698,0.0,0.6033653823231213,-0.6022832373885363,0.0,0.3384487217112063,1.2053574465038157,-1.1132503730178465,0.0,0.0,2.393791039676568,2.0113483015360747,0.0,-0.6523977268544153,0.0,0.0,1.8544928670763974,-1.1110166079825141,0.0,-0.14345440514600272,-0.8091735937126869,0.0,0.5591596553430411,-1.3135791548583706,-0.11382207864489462,0.0,-0.7612788283838284,-0.5953954921862893,0.0,-0.9937341322441308,-0.46704664490281667,0.5292997914127191,0.12836728214917167,0.33577049883105686,0.7526800727964668,0.0,0.0,0.0,0.2925219724166121,-0.4539659330832839,0.0,0.0,0.0,0.0,0.0,0.3348854825730608,0.04348082951990069,0.0,0.0,0.18138242294289295
0.7739340282140276,0.0,-0.17417017031876988,0.26861366537050857,0.0,-0.9526373390547616,0.0,0.0,0.6504881829622658,0.0,-0.48072839713515514,0.0,0.0,0.0,0.7567390546907041,-0.24394588916570953,-0.5173593366952786,0.286240721267361,0.1518610842980329,0.0,0.0,-0.8149284775479323,-1.0681756736219112,0.0,-0.6783176830774194,0.992831448793946,0.0,0.6033653823231213,-0.6022832373885363,0.0,0.3384487217112063,1.2053574465038157,-1.1132503730178465,0.0,0.0,0.594757530019037,-0.7217543891923363,0.0,0.7535446612504487,0.0,0.0,-0.9768071220933141,0.59634259412949,0.0,0.08800279596762384,-0.8091735937126869,0.0,0.5591596553430411,0.7612788283838287,-0.11382207864489462,0.0,1.3135791548583708,0.24909403244528422,0.0,0.7115627119772787,1.2875339940564134,0.26321418198643554,-1.244175196215049,0.33577049883105686,-0.5754466318840938,0.0,0.0,0.0,-0.8891846151128355,-0.02117262239345908,0.0,0.0,0.0,0.0,0.0,-0.467684898076171,-0.7119985833894045,0.0,0.0,-0.3723509985113115
0.7739340282140276,0.0,2.768964197930564,0.4926789733360411,0.0,-0.9526373390547616,0.0,0.0,-1.7932376935716516,0.0,-0.48072839713515514,0.0,0.0,0.0,0.7567390546907041,-0.24394588916570953,-0.5173593366952786,0.40626322581083746,0.2954576197907259,0.0,0.0,0.6755328169147329,0.6463326246857758,0.0,-0.6783176830774194,0.992831448793946,0.0,0.6033653823231213,-0.6022832373885363,0.0,0.3384487217112063,1.2053574465038157,-1.1132503730178465,0.0,0.0,0.9208663233104324,-0.22632791957389314,0.0,-0.6523977268544153,0.0,0.0,-0.4719690853914339,0.4001968894482154,0.0,0.16764398344758136,-0.8091735937126869,0.0,0.5591596553430411,0.7612788283838287,-0.11382207864489462,0.0,1.3135791548583708,0.24909403244528422,0.0,0.7115627119772787,-0.46704664490281667,0.3962569866995773,-1.244175196215049,0.33577049883105686,0.056064595341466864,0.0,0.0,0.0,-0.8891846151128355,-0.1365841719107457,0.0,0.0,0.0,0.0,0.0,0.3348854825730608,0.04348082951990069,0.0,0.0,-0.05937123855893506
0.7739340282140276,0.0,-0.17417017031876988,0.6695726375193563,0.0,-0.9526373390547616,0.0,0.0,-1.7932376935716516,0.0,-0.48072839713515514,0.0,0.0,0.0,0.7567390546907041,0.6979562940018905,-0.5173593366952786,0.4662744780825757,0.3672558875370724,0.0,0.0,0.6755328169147329,0.6463326246857758,0.0,-0.6783176830774194,-1.0072203103706698,0.0,0.6033653823231213,-0.6022832373885363,0.0,0.3384487217112063,1.2053574465038157,-1.1132503730178465,0.0,0.0,0.9317366164201455,-0.20981370391994505,0.0,0.7535446612504487,0.0,0.0,-0.34575957621596387,0.9618868619445927,0.0,0.869481948114707,-0.8091735937126869,0.0,0.5591596553430411,0.7612788283838287,1.8638365378101462,0.0,-0.7612788283838284,2.782562606340005,0.0,0.7115627119772787,-0.46704664490281667,0.4627783890561482,-1.244175196215049,0.33577049883105686,-0.1978419805533462,0.0,0.0,0.0,-0.012752229361828528,-1.1752881175663252,0.0,0.0,0.0,0.0,0.0,0.3348854825730608,-1.4674779962987097,0.0,0.0,0.3956531816795199
0.7739340282140276,0.0,0.8701678313180905,-0.1134766492654522,0.0,-0.9526373390547616,0.0,0.0,0.6504881829622658,0.0,1.634983915322467,0.0,0.0,0.0,0.7567390546907041,1.6398584771694906,-0.5173593366952786,0.1662182167238845,0.008264548805339899,0.0,0.0,0.6755328169147329,0.6463326246857758,0.0,0.5996881446682065,-1.0072203103706698,0.0,0.6033653823231213,-0.6022832373885363,0.0,0.3384487217112063,-0.4984868083846287,-0.03867416456400512,0.0,0.0,-0.5167299404491356,-0.84148245268346,0.0,-0.6523977268544153,0.0,0.0,0.11280164045491063,0.774656871112467,0.0,0.9317016258334238,-0.8091735937126869,0.0,0.5591596553430411,0.7612788283838287,-0.11382207864489462,0.0,-0.7612788283838284,1.0935835570768577,0.0,0.7115627119772787,-0.46704664490281667,0.13017137727329373,0.12836728214917167,0.33577049883105686,0.06257502036441079,0.0,0.0,0.0,0.9030703759734934,1.1617957601587288,0.0,0.0,0.0,0.0,0.0,1.1374558632222926,-1.4674779962987097,0.0,0.0,0.7591912105472802
-1.1687626746618156,0.0,0.8701678313180905,-0.0917776931256322,0.0,1.0845409706161901,0.0,0.0,-1.7932376935716516,0.0,0.22450904035071892,0.0,0.0,0.0,-1.0362165464798845,-1.1858480723333096,1.1550347982034133,-1.8741643605152158,-2.5046748223167876,0.0,0.0,-0.8149284775479323,-1.0681756736219112,0.0,0.6712564710219616,0.992831448793946,0.0,-1.547090723905439,1.6603483841521802,0.0,0.3384487217112063,-1.6343829783102584,1.6891312653446713,0.0,0.0,-1.4597278677167538,0.24845578047711483,0.0,-0.6523977268544153,0.0,0.0,0.011834033114534598,-1.1110166079825141,0.0,-1.2335431587779213,1.2358287613066492,0.0,-1.6615029758764652,-1.3135791548583706,-0.11382207864489462,0.0,1.3135791548583708,-0.5953954921862893,0.0,-0.9937341322441308,-0.46704664490281667,-2.1315563028501168,0.12836728214917167,-1.4593102449195938,-1.2460204092473182,0.0,0.0,0.0,1.3166676816088,1.3637659718139805,0.0,0.0,0.0,0.0,0.0,0.3348854825730608,0.7989602424292058,0.0,0.0,-1.4196294260442632
0.7739340282140276,0.0,-0.17417017031876988,-0.12432612733536219,0.0,-0.9526373390547616,0.0,0.0,-1.1823062244381723,0.0,-1.0096564752495607,0.0,0.0,0.0,0.7567390546907041,-0.24394588916570953,-0.5173593366952786,0.4662744780825757,0.2954576197907259,0.0,0.0,0.6755328169147329,0.6463326246857758,0.0,-0.6783176830774194,0.992831448793946,0.0,0.6033653823231213,-0.6022832373885363,0.0,-2.013769894181678,-0.4984868083846287,0.8831991090042903,0.0,0.0,-1.3564600831744786,-0.7712970361541805,0.0,-0.6523977268544153,0.0,0.0,-0.6570763655154567,0.9262240065479973,0.0,0.6454911083273265,1.2358287613066492,0.0,0.5591596553430411,0.7612788283838287,-0.11382207864489462,0.0,1.3135791548583708,0.24909403244528422,0.0,-0.9937341322441308,-0.46704664490281667,0.4627783890561482,0.12836728214917167,0.33577049883105686,0.5508568970852051,0.0,0.0,0.0,-0.8891846151128355,-0.1365841719107457,0.0,0.0,0.0,0.0,0.0,-0.467684898076171,-0.7119985833894045,0.0,0.0,0.6628897459465489
0.7739340282140276,0.0,-0.17417017031876988,0.5686253198254111,0.0,1.0845409706161901,0.0,0.0,-0.571374755304693,0.0,0.7534371184651244,0.0,0.0,0.0,0.7567390546907041,1.6398584771694906,-0.5173593366952786,0.5862969826260522,0.4390541552834189,0.0,0.0,0.6755328169147329,0.6463326246857758,0.0,0.057813673704061146,-1.0072203103706698,0.0,0.6033653823231213,-0.6022832373885363,0.0,0.3384487217112063,1.2053574465038157,-1.1132503730178465,0.0,0.0,1.0377219742398491,-0.048800101293951036,0.0,-0.6523977268544153,0.0,0.0,-0.17327324700948815,1.7598432514434144,0.0,1.8625080045054272,-0.8091735937126869,0.0,0.5591596553430411,0.7612788283838287,1.8638365378101462,0.0,-0.7612788283838284,1.0935835570768577,0.0,0.7115627119772787,1.2875339940564134,0.59582119376929,-1.244175196215049,2.1308512425817074,1.2149202494254854,0.0,0.0,0.0,-0.8891846151128355,0.4404735756756874,0.0,0.0,0.0,0.0,0.0,-0.06639970775155508,-0.7119985833894045,0.0,0.0,1.5536782935033127
0.7739340282140276,0.0,1.344866922971209,0.3917316556420959,0.0,1.0845409706161901,0.0,0.0,0.6504881829622658,0.0,0.9297464778365929,0.0,0.0,0.0,0.7567390546907041,0.6979562940018905,-0.5173593366952786,0.766330739441267,0.7262472262688049,0.0,0.0,0.6755328169147329,0.6463326246857758,0.0,2.3071039305363628,-1.0072203103706698,0.0,0.6033653823231213,-0.6022832373885363,0.0,0.3384487217112063,-0.4984868083846287,1.3356522494059078,0.0,0.0,-1.2368868589676336,0.07092796219717272,0.0,-0.6523977268544153,0.0,0.0,-0.13541039425684712,1.207068992796186,0.0,1.2676878855144946,1.2358287613066492,0.0,0.5591596553430411,0.7612788283838287,-0.11382207864489462,0.0,-0.7612788283838284,1.0935835570768577,0.0,0.7115627119772787,1.2875339940564134,0.7953854008390027,0.12836728214917167,2.1308512425817074,2.6667450295419806,0.0,0.0,0.0,2.2620329516323583,0.6135908999516173,0.0,0.0,0.0,0.0,0.0,0.7361706728976767,0.04348082951990069,0.0,0.0,2.4203914749098936
-0.6830884989428547,0.0,-0.7438090803025119,1.9399050045744701,0.0,1.0845409706161901,0.0,0.0,0.6504881829622658,0.0,-0.6570377565066237,0.0,0.0,0.0,-1.0362165464798845,-1.1858480723333096,1.1550347982034133,-3.0143781536782424,-1.7866921448533226,0.0,0.0,1.4207634641460656,1.3321359440088507,0.0,-0.6783176830774194,0.992831448793946,0.0,-1.547090723905439,1.6603483841521802,0.0,0.3384487217112063,-1.0664348933474435,-0.2931790560399149,0.0,0.0,0.3230002022762075,0.06267085437019866,0.0,-0.6523977268544153,0.0,0.0,-0.17748023064867047,-1.1110166079825141,0.0,-1.3455385786716114,1.2358287613066492,0.0,-1.6615029758764652,-1.3135791548583706,-0.11382207864489462,0.0,1.3135791548583708,-0.5953954921862893,0.0,0.7115627119772787,-0.46704664490281667,-0.7346068533621279,1.500909760513392,-3.2543909886702447,-3.0038351654421778,0.0,0.0,0.0,0.5288632899225016,-1.1752881175663252,0.0,0.0,0.0,0.0,0.0,0.3348854825730608,0.04348082951990069,0.0,0.0,-1.8168729675222794
0.7739340282140276,0.0,-0.17417017031876988,1.6752720829562306,0.0,-0.9526373390547616,0.0,0.0,-1.1823062244381723,0.0,0.7534371184651244,0.0,0.0,0.0,0.7567390546907041,0.6979562940018905,-0.5173593366952786,0.10620696445214627,0.4390541552834189,0.0,0.0,-1.5601591247792648,-1.753978992944986,0.0,-0.6783176830774194,-1.0072203103706698,0.0,0.6033653823231213,-0.6022832373885363,0.0,0.3384487217112063,-0.4984868083846287,0.9454114158095127,0.0,0.0,-0.5982571387719844,0.47139769180541424,0.0,-0.6523977268544153,0.0,0.0,0.5377069880123264,1.4054436259397478,0.0,1.887395875592914,1.2358287613066492,0.0,0.5591596553430411,0.7612788283838287,1.8638365378101462,0.0,-0.7612788283838284,1.9380730817084313,0.0,0.7115627119772787,-0.46704664490281667,0.06364997491672283,0.12836728214917167,0.33577049883105686,0.8373155980947379,0.0,0.0,0.0,-0.8891846151128355,-0.02117262239345908,0.0,0.0,0.0,0.0,0.0,0.3348854825730608,-1.4674779962987097,0.0,0.0,2.035185616506969
-1.1687626746618156,0.0,-0.07923035198814622,0.17757239287082902,0.0,-0.9526373390547616,0.0,0.0,0.6504881829622658,0.0,0.9297464778365929,0.0,0.0,0.0,-1.0362165464798845,0.6979562940018905,-0.5173593366952786,0.8263419917130052,0.7262472262688049,0.0,0.0,0.6755328169147329,0.6463326246857758,0.0,1.0393221494127018,-1.0072203103706698,0.0,0.6033653823231213,-0.6022832373885363,0.0,0.3384487217112063,-0.4984868083846287,-1.1075947087628262,0.0,0.0,2.521516983715698,2.213647443296939,0.0,-0.6523977268544153,0.0,0.0,2.090083950870608,-1.1110166079825141,0.0,-0.0040823270560770486,-0.8091735937126869,0.0,0.5591596553430411,-1.3135791548583706,-0.11382207864489462,0.0,-0.7612788283838284,0.24909403244528422,0.0,-0.9937341322441308,-0.46704664490281667,0.8619068031955736,0.12836728214917167,0.33577049883105686,0.4597109467639902,0.0,0.0,0.0,-0.8891846151128355,-1.1752881175663252,0.0,0.0,0.0,0.0,0.0,-1.2702552787254027,1.5544396553385111,0.0,0.0,0.7351158443970974
1.7452823796519492,0.0,0.49040855799559585,0.08134223955510557,0.0,-0.9526373390547616,0.0,0.0,0.6504881829622658,0.0,-0.48072839713515514,0.0,0.0,0.0,1.9520427888044298,0.6979562940018905,-0.5173593366952786,0.5862969826260522,0.4390541552834189,0.0,0.0,0.6755328169147329,0.6463326246857758,0.0,-0.6783176830774194,0.992831448793946,0.0,0.6033653823231213,-0.6022832373885363,0.0,0.3384487217112063,1.2053574465038157,-1.1132503730178465,0.0,0.0,-0.5520583930557034,-2.464004140683861,0.0,-0.6523977268544153,0.0,0.0,-1.1114305985471489,0.35116046327789674,0.0,-0.26540497347468767,-0.8091735937126869,0.0,0.5591596553430411,0.7612788283838287,-0.11382207864489462,0.0,1.3135791548583708,1.0935835570768577,0.0,0.7115627119772787,1.2875339940564134,0.59582119376929,0.12836728214917167,0.33577049883105686,-0.39966515626460786,0.0,0.0,0.0,0.09557087449503751,-1.1752881175663252,0.0,0.0,0.0,0.0,0.0,2.34131143419614,-0.7119985833894045,0.0,0.0,-0.3242002662109459
0.7739340282140276,0.0,-0.6488692619718882,-0.6955747335380146,0.0,1.0845409706161901,0.0,0.0,0.6504881829622658,0.0,-1.0096564752495607,0.0,0.0,0.0,0.7567390546907041,0.6979562940018905,-0.5173593366952786,0.8263419917130052,0.7262472262688049,0.0,0.0,0.6755328169147329,0.6463326246857758,0.0,-0.6783176830774194,-1.0072203103706698,0.0,0.6033653823231213,-0.6022832373885363,0.0,0.3384487217112063,-0.4984868083846287,0.27238736946210684,0.0,0.0,-0.834686013908246,-0.8703823300778692,0.0,-0.6523977268544153,0.0,0.0,-1.1282585331038781,0.6988733033947018,0.0,0.11289066705511056,-0.8091735937126869,0.0,0.5591596553430411,0.7612788283838287,-0.11382207864489462,0.0,-0.7612788283838284,-0.5953954921862893,0.0,-0.9937341322441308,-0.46704664490281667,0.8619068031955736,0.12836728214917167,0.33577049883105686,0.3815858464886631,0.0,0.0,0.0,-0.8891846151128355,0.1230918145031492,0.0,0.0,0.0,0.0,0.0,1.1374558632222926,0.04348082951990069,0.0,0.0,0.05859805557696067
-1.1687626746618156,0.0,1.62968637796308,1.4191300572187904,0.0,-0.9526373390547616,0.0,0.0,0.6504881829622658,0.0,-1.0096564752495607,0.0,0.0,0.0,-1.0362165464798845,0.6979562940018905,-0.5173593366952786,0.7063194871695286,0.5826506907761119,0.0,0.0,0.6755328169147329,0.6463326246857758,0.0,0.33386293249711635,-1.0072203103706698,0.0,0.6033653823231213,-0.6022832373885363,0.0,-2.013769894181678,-0.4984868083846287,1.4940108485464738,0.0,0.0,-0.041154616899183975,2.1186907032867377,0.0,-0.6523977268544153,0.0,0.0,1.9175976216641324,-1.1110166079825141,0.0,-0.10612259851477263,1.2358287613066492,0.0,0.5591596553430411,-1.3135791548583706,-0.11382207864489462,0.0,-0.7612788283838284,-0.5953954921862893,0.0,0.7115627119772787,-0.46704664490281667,0.7288639984824318,0.12836728214917167,0.33577049883105686,0.44669009671810234,0.0,0.0,0.0,1.0015459249342806,-0.1365841719107457,0.0,0.0,0.0,0.0,0.0,1.1374558632222926,0.04348082951990069,0.0,0.0,0.903643407448377
0.7739340282140276,0.0,-0.17417017031876988,-0.9120925784983924,0.0,-0.9526373390547616,0.0,0.0,0.6504881829622658,0.0,-0.48072839713515514,0.0,0.0,0.0,0.7567390546907041,-0.24394588916570953,-0.5173593366952786,0.7063194871695286,0.6544489585224584,0.0,0.0,0.6755328169147329,0.6463326246857758,0.0,-0.6783176830774194,-1.0072203103706698,0.0,0.6033653823231213,-0.6022832373885363,0.0,0.3384487217112063,-0.4984868083846287,0.17906890925427324,0.0,0.0,-0.7096776431465445,-0.8167111292025379,0.0,-0.6523977268544153,0.0,0.0,-0.9726001384541317,0.4536911725431085,0.0,-0.06879079188354253,1.2358287613066492,0.0,0.5591596553430411,0.7612788283838287,-0.11382207864489462,0.0,-0.7612788283838284,0.24909403244528422,0.0,0.7115627119772787,-0.46704664490281667,0.7288639984824318,-1.244175196215049,0.33577049883105686,-0.44523813142521534,0.0,0.0,0.0,0.09557087449503751,0.9886784358827989,0.0,0.0,0.0,0.0,0.0,-0.06639970775155508,-1.4674779962987097,0.0,0.0,-0.006405433028532894
-1.1687626746618156,0.0,0.015709466342477454,-1.2880505794426649,0.0,1.0845409706161901,0.0,0.0,0.6504881829622658,0.0,1.4586745559509986,0.0,0.0,0.0,-1.0362165464798845,-1.1858480723333096,1.1550347982034133,-0.7939618196239274,-1.2123060028825505,0.0,0.0,-0.44231315393226595,-0.3823723542988364,0.0,0.8859614500832268,0.992831448793946,0.0,-1.547090723905439,1.6603483841521802,0.0,0.3384487217112063,-1.0664348933474435,0.47033561838781446,0.0,0.0,-0.4542257550682848,-0.00338600824559375,0.0,2.159487049355313,0.0,0.0,-0.24479196887558782,-1.1110166079825141,0.0,-1.3853591724115903,-0.8091735937126869,0.0,-1.6615029758764652,-1.3135791548583706,-0.11382207864489462,0.0,1.3135791548583708,-0.5953954921862893,0.0,-0.9937341322441308,3.042114633015643,-0.33547843922270254,1.500909760513392,0.33577049883105686,0.14721054566268182,0.0,0.0,0.0,1.0015459249342806,-1.1752881175663252,0.0,0.0,0.0,0.0,0.0,0.3348854825730608,0.7989602424292058,0.0,0.0,-1.1668380814673438
0.7739340282140276,0.0,-0.07923035198814622,-0.4927366652744799,0.0,1.0845409706161901,0.0,0.0,0.6504881829622658,0.0,-1.0096564752495607,0.0,0.0,0.0,0.7567390546907041,0.6979562940018905,-0.5173593366952786,0.34625197353909926,0.1518610842980329,0.0,0.0,0.6755328169147329,0.6463326246857758,0.0,-0.6783176830774194,-1.0072203103706698,0.0,0.6033653823231213,-0.6022832373885363,0.0,0.3384487217112063,1.2053574465038157,-1.1132503730178465,0.0,0.0,0.7958579525487308,-0.41624139959429635,0.0,-0.6523977268544153,0.0,0.0,-0.5434878072575337,0.6877286610832657,0.0,0.4463881396274327,-0.8091735937126869,0.0,0.5591596553430411,0.7612788283838287,-2.0914806950999356,0.0,-0.7612788283838284,0.24909403244528422,0.0,0.7115627119772787,-0.46704664490281667,0.3297355843430064,0.12836728214917167,0.33577049883105686,0.3295024463051117,0.0,0.0,0.0,-0.8891846151128355,2.2870583679522736,0.0,0.0,0.0,0.0,0.0,0.3348854825730608,0.7989602424292058,0.0,0.0,0.18138242294289295
-1.1687626746618156,0.0,0.11064928467310113,0.10021089706799252,0.0,-0.9526373390547616,0.0,0.0,0.6504881829622658,0.0,0.22450904035071892,0.0,0.0,0.0,-1.0362165464798845,-1.1858480723333096,2.827428933102105,-1.8741643605152158,0.8698437617614979,0.0,0.0,-1.5601591247792648,-1.753978992944986,0.0,-0.126219165491309,-1.0072203103706698,0.0,-1.547090723905439,1.6603483841521802,0.0,0.3384487217112063,-1.6343829783102584,1.1659823217553011,0.0,0.0,-0.9243659320633798,0.29799842743895916,0.0,-0.6523977268544153,0.0,0.0,0.062317836784722615,-1.1110166079825141,0.0,-1.203677713472937,1.2358287613066492,0.0,-1.6615029758764652,0.7612788283838287,-0.11382207864489462,0.0,-0.7612788283838284,-1.4398850168178627,0.0,-0.9937341322441308,-0.46704664490281667,-2.1315563028501168,0.12836728214917167,-1.4593102449195938,-0.9725825582836732,0.0,0.0,0.0,-0.8891846151128355,-1.1752881175663252,0.0,0.0,0.0,0.0,0.0,0.7361706728976767,0.04348082951990069,0.0,0.0,-0.9140467368904245
0.7739340282140276,0.0,3.338603107914306,0.6601383087629128,0.0,-0.9526373390547616,0.0,0.0,-1.7932376935716516,0.0,-0.48072839713515514,0.0,0.0,0.0,0.7567390546907041,1.6398584771694906,-0.5173593366952786,0.5862969826260522,0.4390541552834189,0.0,0.0,0.6755328169147329,0.6463326246857758,0.0,-0.2693558181988191,-1.0072203103706698,0.0,0.6033653823231213,-0.6022832373885363,0.0,0.3384487217112063,1.2053574465038157,-1.1132503730178465,0.0,0.0,2.225301496476014,1.7553779588998792,0.0,-0.6523977268544153,0.0,0.0,1.7493182760968389,-0.036673089160078096,0.0,0.9939213035521406,-0.8091735937126869,0.0,0.5591596553430411,0.7612788283838287,-0.11382207864489462,0.0,-0.7612788283838284,0.24909403244528422,0.0,0.7115627119772787,-0.46704664490281667,0.59582119376929,0.12836728214917167,0.33577049883105686,0.2774190461215603,0.0,0.0,0.0,0.9621557053499658,2.4024699174695603,0.0,0.0,0.0,0.0,0.0,1.9400262438715243,-1.4674779962987097,0.0,0.0,1.1323593858751135
-1.1687626746618156,0.0,-0.5539294436412646,-0.7875594389133385,0.0,1.0845409706161901,0.0,0.0,0.6504881829622658,0.0,1.634983915322467,0.0,0.0,0.0,-1.0362165464798845,-0.24394588916570953,-0.5173593366952786,0.22622946899562274,0.2954576197907259,0.0,0.0,-1.5601591247792648,-1.753978992944986,0.0,1.9594863453895528,0.992831448793946,0.0,0.6033653823231213,-0.6022832373885363,0.0,0.3384487217112063,-0.4984868083846287,2.1048225880886573,0.0,0.0,-0.861861746682529,1.7636350667268534,0.0,-0.6523977268544153,0.0,0.0,2.695889594912864,-1.1110166079825141,0.0,0.35430301660373176,1.2358287613066492,0.0,0.5591596553430411,-1.3135791548583706,-0.11382207864489462,0.0,-0.7612788283838284,0.24909403244528422,0.0,0.7115627119772787,-0.46704664490281667,0.19669277962986462,0.12836728214917167,0.33577049883105686,0.7396592227505789,0.0,0.0,0.0,1.3166676816088,0.036533152365184236,0.0,0.0,0.0,0.0,0.0,1.5387410535469084,0.04348082951990069,0.0,0.0,0.24157083831834997
0.7739340282140276,0.0,-0.6488692619718882,-0.5479274884996742,0.0,1.0845409706161901,0.0,0.0,-0.571374755304693,0.0,-1.0096564752495607,0.0,0.0,0.0,0.7567390546907041,-0.24394588916570953,-0.5173593366952786,0.8863532439847435,0.7980454940151515,0.0,0.0,0.6755328169147329,0.6463326246857758,0.0,-0.6783176830774194,-1.0072203103706698,0.0,0.6033653823231213,-0.6022832373885363,0.0,0.3384487217112063,-0.4984868083846287,-0.5674787724083954,0.0,0.0,-0.11452909538974793,-1.002496055309454,0.0,-0.6523977268544153,0.0,0.0,-1.262882009557713,0.533932597185448,0.0,-0.15092076647224872,1.2358287613066492,0.0,0.5591596553430411,0.7612788283838287,-0.11382207864489462,0.0,-0.7612788283838284,0.24909403244528422,0.0,-0.9937341322441308,-0.46704664490281667,0.9284282055521444,-1.244175196215049,0.33577049883105686,0.5117943469475416,0.0,0.0,0.0,0.09557087449503751,-0.16543705929006736,0.0,0.0,0.0,0.0,0.0,-1.6715404690500186,0.7989602424292058,0.0,0.0,-0.23993648468530607
-1.1687626746618156,0.0,-0.17417017031876988,0.6865544292809546,0.0,-0.9526373390547616,0.0,0.0,0.6504881829622658,0.0,2.340221352808341,0.0,0.0,0.0,-1.0362165464798845,-0.24394588916570953,1.1550347982034133,-0.7939618196239274,-1.2123060028825505,0.0,0.0,-0.44231315393226595,-0.3823723542988364,0.0,-0.6783176830774194,-1.0072203103706698,0.0,-1.547090723905439,-0.6022832373885363,0.0,0.3384487217112063,-1.6343829783102584,1.0556968687824069,0.0,0.0,-0.3971567162422906,0.9379242840294482,0.0,2.159487049355313,0.0,0.0,0.7144003008579846,-1.1110166079825141,0.0,-0.8179157116168929,1.2358287613066492,0.0,-1.6615029758764652,0.7612788283838287,-0.11382207864489462,0.0,1.3135791548583708,-0.5953954921862893,0.0,0.7115627119772787,-0.46704664490281667,-0.9341710604318406,0.12836728214917167,0.33577049883105686,0.5508568970852051,0.0,0.0,0.0,1.060631254310753,0.036533152365184236,0.0,0.0,0.0,0.0,0.0,-0.06639970775155508,-1.4674779962987097,0.0,0.0,-0.4445770969618599
0.7739340282140276,0.0,-1.2185081719556303,3.290429166059354,0.0,-0.27357790249777764,0.0,0.0,-1.1823062244381723,0.0,0.7534371184651244,0.0,0.0,0.0,0.7567390546907041,0.6979562940018905,-0.5173593366952786,0.4662744780825757,0.2954576197907259,0.0,0.0,0.6755328169147329,0.6463326246857758,0.0,-0.37159628441846915,-1.0072203103706698,0.0,0.6033653823231213,-0.6022832373885363,0.0,0.3384487217112063,1.2053574465038157,-1.1132503730178465,0.0,0.0,1.6518935349386437,0.8842530831541168,0.0,0.7535446612504487,0.0,0.0,0.6597095135486142,0.3244133217304502,0.0,0.7525089540035194,-0.8091735937126869,0.0,0.5591596553430411,0.7612788283838287,1.8638365378101462,0.0,1.3135791548583708,0.24909403244528422,0.0,-0.9937341322441308,-0.46704664490281667,0.4627783890561482,-1.244175196215049,0.33577049883105686,0.16023139570856967,0.0,0.0,0.0,-0.8891846151128355,1.1617957601587288,0.0,0.0,0.0,0.0,0.0,-0.06639970775155508,1.5544396553385111,0.0,0.0,0.903643407448377
-1.1687626746618156,0.0,-0.17417017031876988,0.0591715669774634,0.0,-0.9526373390547616,0.0,0.0,0.6504881829622658,0.0,-1.0096564752495607,0.0,0.0,0.0,-1.0362165464798845,-1.1858480723333096,1.1550347982034133,-1.2740518377978334,-1.7866921448533226,0.0,0.0,-1.5601591247792648,-0.3823723542988364,0.0,-0.6783176830774194,0.992831448793946,0.0,-1.547090723905439,-0.6022832373885363,0.0,-4.365988510074562,-1.6343829783102584,0.3657058296699404,0.0,0.0,-0.3781337033002925,-0.040542993466976984,0.0,2.159487049355313,0.0,0.0,-0.28265482162822886,-1.1110166079825141,0.0,-1.4077582563903284,-0.8091735937126869,0.0,-1.6615029758764652,0.7612788283838287,-0.11382207864489462,0.0,1.3135791548583708,-1.4398850168178627,0.0,0.7115627119772787,-0.46704664490281667,-1.4663422792844079,1.500909760513392,-1.4593102449195938,-1.0507076585590003,0.0,0.0,0.0,-0.8891846151128355,-1.1752881175663252,0.0,0.0,0.0,0.0,0.0,-0.467684898076171,-1.4674779962987097,0.0,0.0,-1.323327961443532
0.7739340282140276,0.0,-0.5539294436412646,-0.22716031078059606,0.0,-0.9526373390547616,0.0,0.0,0.6504881829622658,0.0,-1.0096564752495607,0.0,0.0,0.0,0.7567390546907041,0.6979562940018905,-0.5173593366952786,0.8263419917130052,0.7262472262688049,0.0,0.0,0.6755328169147329,0.6463326246857758,0.0,-0.6783176830774194,-1.0072203103706698,0.0,0.6033653823231213,-0.6022832373885363,0.0,0.3384487217112063,1.2053574465038157,-1.1132503730178465,0.0,0.0,0.7523767801098781,-0.48229826221008876,0.0,-0.6523977268544153,0.0,0.0,-0.7328020710207387,0.8147775834336368,0.0,0.47625358493241676,-0.8091735937126869,0.0,0.5591596553430411,0.7612788283838287,-0.11382207864489462,0.0,-0.7612788283838284,0.24909403244528422,0.0,-0.9937341322441308,-0.46704664490281667,0.8619068031955736,0.12836728214917167,0.33577049883105686,0.7201279476817471,0.0,0.0,0.0,0.9523081504538871,0.4404735756756874,0.0,0.0,0.0,0.0,0.0,-0.8689700884007868,0.7989602424292058,0.0,0.0,0.15730705679271015
-1.1687626746618156,0.0,-0.5539294436412646,-0.6342515966211321,0.0,1.0845409706161901,0.0,0.0,0.6504881829622658,0.0,1.634983915322467,0.0,0.0,0.0,-1.0362165464798845,0.6979562940018905,-0.5173593366952786,0.5862969826260522,0.5108524230297654,0.0,0.0,0.6755328169147329,0.6463326246857758,0.0,0.42587935209480143,0.992831448793946,0.0,0.6033653823231213,-0.6022832373885363,0.0,0.3384487217112063,1.2053574465038157,-1.1132503730178465,0.0,0.0,2.070399819662601,1.5200503858311187,0.0,-0.6523977268544153,0.0,0.0,1.3075849939826938,-1.1110166079825141,0.0,-0.46699672928333014,-0.8091735937126869,0.0,0.5591596553430411,-1.3135791548583706,-0.11382207864489462,0.0,1.3135791548583708,-0.5953954921862893,0.0,-0.9937341322441308,-0.46704664490281667,0.59582119376929,1.500909760513392,0.33577049883105686,0.5052839219245977,0.0,0.0,0.0,0.2925219724166121,0.4116206882963658,0.0,0.0,0.0,0.0,0.0,2.34131143419614,-0.7119985833894045,0.0,0.0,-0.10752197085930065
0.7739340282140276,0.0,-0.17417017031876988,-0.4715094255724821,0.0,-0.9526373390547616,0.0,0.0,0.6504881829622658,0.0,-0.48072839713515514,0.0,0.0,0.0,0.7567390546907041,0.6979562940018905,-0.5173593366952786,0.5862969826260522,0.4390541552834189,0.0,0.0,0.6755328169147329,0.6463326246857758,0.0,-0.6783176830774194,-1.0072203103706698,0.0,0.6033653823231213,-0.6022832373885363,0.0,0.3384487217112063,-0.4984868083846287,-0.2649007347648138,0.0,0.0,0.1762512452950796,-0.11898551782323048,0.0,-0.6523977268544153,0.0,0.0,-0.24479196887558782,1.7330961098959679,0.0,1.7903331783517158,-0.8091735937126869,0.0,0.5591596553430411,0.7612788283838287,1.8638365378101462,0.0,-0.7612788283838284,1.0935835570768577,0.0,0.7115627119772787,1.2875339940564134,0.59582119376929,-1.244175196215049,0.33577049883105686,0.6029402972687565,0.0,0.0,0.0,1.3166676816088,0.3827678009170441,0.0,0.0,0.0,0.0,0.0,-0.8689700884007868,0.7989602424292058,0.0,0.0,1.264773899701119
-1.1687626746618156,0.0,-0.36404980698001727,3.0616466937155993,0.0,-0.27357790249777764,0.0,0.0,0.6504881829622658,0.0,-1.0096564752495607,0.0,0.0,0.0,-1.0362165464798845,0.6979562940018905,-0.5173593366952786,0.6463082348977904,0.5826506907761119,0.0,0.0,0.6755328169147329,0.6463326246857758,0.0,-0.6783176830774194,-1.0072203103706698,0.0,0.6033653823231213,-0.6022832373885363,0.0,0.3384487217112063,1.2053574465038157,-1.1132503730178465,0.0,0.0,2.244324509418012,1.7842778362942884,0.0,-0.6523977268544153,0.0,0.0,1.6483506687564629,-1.1110166079825141,0.0,-0.26540497347468767,-0.8091735937126869,0.0,0.5591596553430411,-1.3135791548583706,-0.11382207864489462,0.0,-0.7612788283838284,-0.5953954921862893,0.0,-0.9937341322441308,-0.46704664490281667,0.6623425961258609,0.12836728214917167,0.33577049883105686,0.9349719734388967,0.0,0.0,0.0,-0.8891846151128355,-0.22314283404871066,0.0,0.0,0.0,0.0,0.0,-0.06639970775155508,0.7989602424292058,0.0,0.0,0.08748849495718003
0.7739340282140276,0.0,0.49040855799559585,0.16389261617398598,0.0,-0.9526373390547616,0.0,0.0,0.6504881829622658,0.0,1.634983915322467,0.0,0.0,0.0,0.7567390546907041,0.6979562940018905,-0.5173593366952786,0.8263419917130052,0.7262472262688049,0.0,0.0,0.6755328169147329,0.6463326246857758,0.0,-0.6783176830774194,-1.0072203103706698,0.0,0.6033653823231213,-0.6022832373885363,0.0,0.3384487217112063,-0.4984868083846287,0.7418075026287849,0.0,0.0,-0.7803345483596802,-0.10247130216928237,0.0,-0.6523977268544153,0.0,0.0,-0.34575957621596387,1.4032146974774604,0.0,1.362261795646944,1.2358287613066492,0.0,0.5591596553430411,0.7612788283838287,1.8638365378101462,0.0,-0.7612788283838284,1.0935835570768577,0.0,-0.9937341322441308,1.2875339940564134,0.8619068031955736,0.12836728214917167,0.33577049883105686,1.0196074987371677,0.0,0.0,0.0,-0.8891846151128355,0.1230918145031492,0.0,0.0,0.0,0.0,0.0,-2.0728256593746344,1.5544396553385111,0.0,0.0,1.1925478012505706
-1.1687626746618156,0.0,0.015709466342477454,-0.753595855390142,0.0,1.0845409706161901,0.0,0.0,0.6504881829622658,0.0,1.4586745559509986,0.0,0.0,0.0,-1.0362165464798845,-0.24394588916570953,-0.5173593366952786,-0.7939618196239274,-1.2123060028825505,0.0,0.0,-0.44231315393226595,-0.3823723542988364,0.0,0.8348412169734017,0.992831448793946,0.0,-1.547090723905439,1.6603483841521802,0.0,0.3384487217112063,1.2053574465038157,-1.1132503730178465,0.0,0.0,0.19799183151450597,-1.324523260561442,0.0,-0.6523977268544153,0.0,0.0,1.0383380410750243,-1.1110166079825141,0.0,-0.6262791042432452,-0.8091735937126869,0.0,-1.6615029758764652,0.7612788283838287,-0.11382207864489462,0.0,1.3135791548583708,0.24909403244528422,0.0,0.7115627119772787,-0.46704664490281667,-0.9341710604318406,0.12836728214917167,0.33577049883105686,0.4336692466722145,0.0,0.0,0.0,0.46977796054602927,-1.1752881175663252,0.0,0.0,0.0,0.0,0.0,-0.8689700884007868,-0.7119985833894045,0.0,0.0,-0.9621974691907901
0.7739340282140276,0.0,0.11064928467310113,-1.2116325165154727,0.0,-0.9526373390547616,0.0,0.0,-1.1823062244381723,0.0,-1.0096564752495607,0.0,0.0,0.0,0.7567390546907041,0.6979562940018905,-0.5173593366952786,0.766330739441267,0.6544489585224584,0.0,0.0,0.6755328169147329,0.6463326246857758,0.0,-0.6783176830774194,-1.0072203103706698,0.0,0.6033653823231213,-0.6022832373885363,0.0,0.3384487217112063,1.2053574465038157,-1.1132503730178465,0.0,0.0,0.5730169437996107,-0.7547828205002325,0.0,-0.6523977268544153,0.0,0.0,-1.0104629912067729,0.7657411572633182,0.0,0.25724031936253355,-0.8091735937126869,0.0,0.5591596553430411,0.7612788283838287,-0.11382207864489462,0.0,-0.7612788283838284,-0.5953954921862893,0.0,-0.9937341322441308,-0.46704664490281667,0.7953854008390027,0.12836728214917167,0.33577049883105686,0.8698677232094575,0.0,0.0,0.0,-0.8891846151128355,0.1230918145031492,0.0,0.0,0.0,0.0,0.0,-0.06639970775155508,0.04348082951990069,0.0,0.0,-0.011220506258569454
0.2882598524950668,0.0,-1.028628535294383,0.04973723822101992,0.0,1.0845409706161901,0.0,0.0,0.6504881829622658,0.0,1.28236519657953,0.0,0.0,0.0,-2.23152028059361,-0.24394588916570953,2.827428933102105,-3.0143781536782424,-3.150859232033906,0.0,0.0,0.6755328169147329,0.6463326246857758,0.0,-0.6783176830774194,0.992831448793946,0.0,-3.6975468301339998,1.6603483841521802,0.0,0.3384487217112063,1.2053574465038157,-1.1132503730178465,0.0,0.0,0.5186654782510447,-0.837353898769973,0.0,2.159487049355313,0.0,0.0,-0.3962433798861519,0.10374940396401625,0.0,-0.11856653405851598,-0.8091735937126869,0.0,0.5591596553430411,-1.3135791548583706,-0.11382207864489462,0.0,1.3135791548583708,0.24909403244528422,0.0,0.7115627119772787,3.042114633015643,-3.3954629476249636,1.500909760513392,-1.4593102449195938,-1.4413331599356358,0.0,0.0,0.0,2.4097462750735392,-1.1752881175663252,0.0,0.0,0.0,0.0,0.0,0.3348854825730608,0.7989602424292058,0.0,0.0,-1.0584989337915214
-1.1687626746618156,0.0,-0.5539294436412646,-0.5969859980331803,0.0,-0.9526373390547616,0.0,0.0,0.6504881829622658,0.0,1.634983915322467,0.0,0.0,0.0,-1.0362165464798845,0.6979562940018905,-0.5173593366952786,0.6463082348977904,0.5108524230297654,0.0,0.0,0.6755328169147329,0.6463326246857758,0.0,-0.6783176830774194,-1.0072203103706698,0.0,0.6033653823231213,-0.6022832373885363,0.0,0.3384487217112063,-0.4984868083846287,-1.0566937304676443,0.0,0.0,2.301393548244006,1.9535485467472566,0.0,-0.6523977268544153,0.0,0.0,1.6651786033131921,-1.1110166079825141,0.0,-0.255449825039693,-0.8091735937126869,0.0,0.5591596553430411,-1.3135791548583706,-0.11382207864489462,0.0,-0.7612788283838284,-0.5953954921862893,0.0,0.7115627119772787,-0.46704664490281667,0.6623425961258609,0.12836728214917167,0.33577049883105686,0.42715882164927055,0.0,0.0,0.0,1.9666063047499964,-0.05002550977278074,0.0,0.0,0.0,0.0,0.0,-0.8689700884007868,0.7989602424292058,0.0,0.0,0.13323169064252735
0.7739340282140276,0.0,-2.5476656285843617,-0.11630694789238524,0.0,-0.9526373390547616,0.0,0.0,-1.1823062244381723,0.0,-1.0096564752495607,0.0,0.0,0.0,0.7567390546907041,0.6979562940018905,1.1550347982034133,0.766330739441267,0.6544489585224584,0.0,0.0,0.6755328169147329,0.6463326246857758,0.0,1.6016447136207774,-1.0072203103706698,0.0,0.6033653823231213,-0.6022832373885363,0.0,0.3384487217112063,-0.4984868083846287,0.25259254456953606,0.0,0.0,-0.3509579705260096,-0.16439961087158775,0.0,-0.6523977268544153,0.0,0.0,-0.4088643308036989,0.8682718665285298,0.0,0.7276210829160327,1.2358287613066492,0.0,0.5591596553430411,0.7612788283838287,-0.11382207864489462,0.0,-0.7612788283838284,0.24909403244528422,0.0,0.7115627119772787,-0.46704664490281667,0.7953854008390027,0.12836728214917167,0.33577049883105686,0.9870553736224481,0.0,0.0,0.0,1.0015459249342806,-0.05002550977278074,0.0,0.0,0.0,0.0,0.0,-2.0728256593746344,1.5544396553385111,0.0,0.0,1.2888492658513018
-1.1687626746618156,0.0,0.39546873966497215,-0.9054885483688819,0.0,1.0845409706161901,0.0,0.0,0.6504881829622658,0.0,0.22450904035071892,0.0,0.0,0.0,-1.0362165464798845,-1.1858480723333096,1.1550347982034133,-1.7541418559717392,-2.3610782868240947,0.0,0.0,0.6755328169147329,0.6463326246857758,0.0,0.7121526575098216,0.992831448793946,0.0,-1.547090723905439,1.6603483841521802,0.0,0.3384487217112063,0.6374093615410008,0.5042696039179357,0.0,0.0,-0.041154616899183975,0.6736968335662785,0.0,0.7535446612504487,0.0,0.0,0.4451533479503151,-1.1110166079825141,0.0,-0.977198086576808,1.2358287613066492,0.0,-1.6615029758764652,-1.3135791548583706,-0.11382207864489462,0.0,1.3135791548583708,-0.5953954921862893,0.0,-0.9937341322441308,-0.46704664490281667,-1.998513498136975,1.500909760513392,0.33577049883105686,-0.035081354979748076,0.0,0.0,0.0,-0.8891846151128355,-1.1752881175663252,0.0,0.0,0.0,0.0,0.0,1.1374558632222926,0.04348082951990069,0.0,0.0,-1.047665019023939
-1.1687626746618156,0.0,0.39546873966497215,-0.12715642596229523,0.0,1.0845409706161901,0.0,0.0,0.6504881829622658,0.0,-1.0096564752495607,0.0,0.0,0.0,-1.0362165464798845,-1.1858480723333096,1.1550347982034133,0.286240721267361,0.8698437617614979,0.0,0.0,0.6755328169147329,0.6463326246857758,0.0,-0.6783176830774194,0.992831448793946,0.0,0.6033653823231213,-0.6022832373885363,0.0,0.3384487217112063,1.2053574465038157,-1.1132503730178465,0.0,0.0,1.3910065003055274,0.48791190745936236,0.0,-0.6523977268544153,0.0,0.0,0.25583908418711004,-1.1110166079825141,0.0,-1.0891935064704983,-0.8091735937126869,0.0,-1.6615029758764652,0.7612788283838287,-0.11382207864489462,0.0,-0.7612788283838284,-0.5953954921862893,0.0,-0.9937341322441308,-0.46704664490281667,0.5292997914127191,1.500909760513392,-1.4593102449195938,-0.7121655573659162,0.0,0.0,0.0,1.8484356459970515,-1.1752881175663252,0.0,0.0,0.0,0.0,0.0,-0.06639970775155508,0.04348082951990069,0.0,0.0,-0.9501597861156987
0.2882598524950668,0.0,-0.07923035198814622,0.9304318276350183,0.0,1.0845409706161901,0.0,0.0,0.6504881829622658,0.0,-0.6570377565066237,0.0,0.0,0.0,-2.23152028059361,-1.1858480723333096,1.1550347982034133,-2.6543106400478127,0.0800628165516864,0.0,0.0,-0.8149284775479323,-1.0681756736219112,0.0,-0.6783176830774194,0.992831448793946,0.0,-1.547090723905439,1.6603483841521802,0.0,0.3384487217112063,-1.0664348933474435,-0.11785346413428816,0.0,0.0,-0.46509604817799793,-0.8786394379048432,0.0,-0.6523977268544153,0.0,0.0,-1.1366725003822429,-0.14811951227443867,0.0,-0.8378260084868823,-0.8091735937126869,0.0,-1.6615029758764652,-1.3135791548583706,-0.11382207864489462,0.0,1.3135791548583708,-0.5953954921862893,0.0,-0.9937341322441308,3.042114633015643,-2.9963345334855385,1.500909760513392,-1.4593102449195938,-1.4413331599356358,0.0,0.0,0.0,-0.8891846151128355,-1.1752881175663252,0.0,0.0,0.0,0.0,0.0,-0.467684898076171,0.04348082951990069,0.0,0.0,-1.2751772291431664
0.7739340282140276,0.0,-0.5539294436412646,-0.7875594389133385,0.0,1.0845409706161901,0.0,0.0,0.6504881829622658,0.0,-0.48072839713515514,0.0,0.0,0.0,0.7567390546907041,-0.24394588916570953,-0.5173593366952786,0.22622946899562274,0.0800628165516864,0.0,0.0,-1.5601591247792648,-1.753978992944986,0.0,-0.6783176830774194,0.992831448793946,0.0,0.6033653823231213,-0.6022832373885363,0.0,0.3384487217112063,1.2053574465038157,-1.1132503730178465,0.0,0.0,0.31212990916649436,-1.151123996194987,0.0,0.7535446612504487,0.0,0.0,-1.414333420568277,0.6253186641392238,0.0,-0.13847683092850535,-0.8091735937126869,0.0,0.5591596553430411,0.7612788283838287,-0.11382207864489462,0.0,1.3135791548583708,-0.5953954921862893,0.0,0.7115627119772787,-0.46704664490281667,0.19669277962986462,-1.244175196215049,0.33577049883105686,-0.7707593825724116,0.0,0.0,0.0,-0.8891846151128355,-0.1365841719107457,0.0,0.0,0.0,0.0,0.0,-1.2702552787254027,0.7989602424292058,0.0,0.0,-0.22789880161021467
-1.1687626746618156,0.0,-0.17417017031876988,-0.4927366652744799,0.0,-0.9526373390547616,0.0,0.0,0.6504881829622658,0.0,0.22450904035071892,0.0,0.0,0.0,-1.0362165464798845,-1.1858480723333096,1.1550347982034133,-1.2140405855260952,-1.7148938771069762,0.0,0.0,-0.8149284775479323,-1.0681756736219112,0.0,0.09870986019192117,0.992831448793946,0.0,-1.547090723905439,1.6603483841521802,0.0,0.3384487217112063,-1.0664348933474435,1.2281946285605236,0.0,0.0,-1.1227487813156454,0.08744217785112082,0.0,2.159487049355313,0.0,0.0,-0.15223832881357646,-1.1110166079825141,0.0,-1.3306058560191194,1.2358287613066492,0.0,-1.6615029758764652,-1.3135791548583706,-0.11382207864489462,0.0,1.3135791548583708,-1.4398850168178627,0.0,-0.9937341322441308,3.042114633015643,-1.2002566698581243,1.500909760513392,0.33577049883105686,2.868568205253242,0.0,0.0,0.0,-0.8891846151128355,-1.1752881175663252,0.0,0.0,0.0,0.0,0.0,0.7361706728976767,0.7989602424292058,0.0,0.0,-0.8418206384398761
0.7739340282140276,0.0,0.8701678313180905,0.06766246285826252,0.0,1.0845409706161901,0.0,0.0,0.6504881829622658,0.0,1.634983915322467,0.0,0.0,0.0,0.7567390546907041,0.6979562940018905,-0.5173593366952786,0.1662182167238845,0.008264548805339899,0.0,0.0,-0.8149284775479323,-1.0681756736219112,0.0,1.8367977859259725,-1.0072203103706698,0.0,0.6033653823231213,-0.6022832373885363,0.0,0.3384487217112063,-0.4984868083846287,1.007623722614735,0.0,0.0,-0.7803345483596802,0.2856127656984981,0.0,-0.6523977268544153,0.0,0.0,0.10018068953736363,0.8660429380662427,0.0,1.0262755359658733,1.2358287613066492,0.0,0.5591596553430411,0.7612788283838287,-0.11382207864489462,0.0,-0.7612788283838284,1.0935835570768577,0.0,0.7115627119772787,-0.46704664490281667,0.13017137727329373,-1.244175196215049,0.33577049883105686,0.7331487977276351,0.0,0.0,0.0,0.6470339486754464,1.4214717465726237,0.0,0.0,0.0,0.0,0.0,-0.06639970775155508,1.5544396553385111,0.0,0.0,1.264773899701119
0.7739340282140276,0.0,-0.07923035198814622,-0.4927366652744799,0.0,1.0845409706161901,0.0,0.0,0.6504881829622658,0.0,-1.0096564752495607,0.0,0.0,0.0,0.7567390546907041,-0.24394588916570953,-0.5173593366952786,0.4662744780825757,0.2954576197907259,0.0,0.0,0.6755328169147329,0.6463326246857758,0.0,0.5076717250705215,0.992831448793946,0.0,0.6033653823231213,-0.6022832373885363,0.0,0.3384487217112063,-0.4984868083846287,0.31480485137475844,0.0,0.0,-0.7830521216371085,-0.7300114970193103,0.0,-0.6523977268544153,0.0,0.0,-0.9852210893716787,0.8459825819056578,0.0,0.3617693779299778,-0.8091735937126869,0.0,0.5591596553430411,0.7612788283838287,-0.11382207864489462,0.0,-0.7612788283838284,0.24909403244528422,0.0,-0.9937341322441308,-0.46704664490281667,0.4627783890561482,0.12836728214917167,0.33577049883105686,0.40111712155749485,0.0,0.0,0.0,-0.8891846151128355,1.0463842106414423,0.0,0.0,0.0,0.0,0.0,-0.06639970775155508,1.5544396553385111,0.0,0.0,0.41009840136962955
0.7739340282140276,0.0,-0.17417017031876988,-0.07479590136403395,0.0,-0.9526373390547616,0.0,0.0,-1.7932376935716516,0.0,-0.48072839713515514,0.0,0.0,0.0,0.7567390546907041,-0.24394588916570953,-0.5173593366952786,0.10620696445214627,-0.06353371894100661,0.0,0.0,0.6755328169147329,0.6463326246857758,0.0,-0.6783176830774194,0.992831448793946,0.0,0.6033653823231213,-0.6022832373885363,0.0,0.3384487217112063,1.2053574465038157,-1.1132503730178465,0.0,0.0,0.6001926765738936,-0.7134972813653622,0.0,0.7535446612504487,0.0,0.0,-0.9683931548149495,0.638692234912947,0.0,0.14026732525134594,-0.8091735937126869,0.0,0.5591596553430411,0.7612788283838287,-0.11382207864489462,0.0,1.3135791548583708,0.24909403244528422,0.0,0.7115627119772787,1.2875339940564134,0.13017137727329373,0.12836728214917167,0.33577049883105686,-0.47127983151699104,0.0,0.0,0.0,2.47867915934609,-0.02117262239345908,0.0,0.0,0.0,0.0,0.0,2.34131143419614,0.7989602424292058,0.0,0.0,-0.13159733700948345
-1.1687626746618156,0.0,-0.5539294436412646,-1.247482965789958,0.0,1.0845409706161901,0.0,0.0,0.6504881829622658,0.0,0.22450904035071892,0.0,0.0,0.0,-1.0362165464798845,-1.1858480723333096,-0.5173593366952786,-1.3940743423413098,-1.9302886803460155,0.0,0.0,-1.5601591247792648,-1.753978992944986,0.0,-0.06487488575951894,0.992831448793946,0.0,-1.547090723905439,1.6603483841521802,0.0,0.3384487217112063,-1.0664348933474435,0.10837310606652054,0.0,0.0,-0.34552282397115297,-0.36669875263245205,0.0,2.159487049355313,0.0,0.0,-0.6150065291236333,-1.1110166079825141,0.0,-1.6043724379814734,-0.8091735937126869,0.0,-1.6615029758764652,-1.3135791548583706,-0.11382207864489462,0.0,1.3135791548583708,-1.4398850168178627,0.0,-0.9937341322441308,-0.46704664490281667,-1.5993850839975496,0.12836728214917167,-1.4593102449195938,-1.1288327588343274,0.0,0.0,0.0,-0.8891846151128355,-1.1752881175663252,0.0,0.0,0.0,0.0,0.0,0.3348854825730608,0.7989602424292058,0.0,0.0,-2.009475896723742
-1.1687626746618156,0.0,-0.17417017031876988,-1.157856842603745,0.0,-0.9526373390547616,0.0,0.0,0.6504881829622658,0.0,0.22450904035071892,0.0,0.0,0.0,-1.0362165464798845,-2.1277502555009096,1.1550347982034133,-1.1540293332543567,-1.6430956093606297,0.0,0.0,-1.5601591247792648,-1.753978992944986,0.0,-0.6783176830774194,0.992831448793946,0.0,-1.547090723905439,1.6603483841521802,0.0,0.3384487217112063,-1.6343829783102584,-0.2026884279595914,0.0,0.0,-0.13898725488660257,-0.5070695856910109,0.0,2.159487049355313,0.0,0.0,-0.7580439728558327,-1.1110166079825141,0.0,-1.6889911996789282,-0.8091735937126869,0.0,-1.6615029758764652,-1.3135791548583706,-2.0914806950999356,0.0,1.3135791548583708,-2.2843745414494365,0.0,-0.9937341322441308,3.042114633015643,-0.8011282557186988,1.500909760513392,-1.4593102449195938,1.4492955502514668,0.0,0.0,0.0,-0.8891846151128355,-1.1752881175663252,0.0,0.0,0.0,0.0,0.0,-0.06639970775155508,-0.7119985833894045,0.0,0.0,-1.7687222352219139
0.7739340282140276,0.0,-0.7438090803025119,-0.9054885483688819,0.0,1.0845409706161901,0.0,0.0,0.6504881829622658,0.0,-0.48072839713515514,0.0,0.0,0.0,0.7567390546907041,0.6979562940018905,-0.5173593366952786,0.766330739441267,0.6544489585224584,0.0,0.0,0.6755328169147329,0.6463326246857758,0.0,-0.6783176830774194,-1.0072203103706698,0.0,0.6033653823231213,-0.6022832373885363,0.0,0.3384487217112063,1.2053574465038157,-1.1132503730178465,0.0,0.0,0.5322533446381862,-0.8167111292025379,0.0,-0.6523977268544153,0.0,0.0,-0.9726001384541317,0.4536911725431085,0.0,-0.06879079188354253,-0.8091735937126869,0.0,0.5591596553430411,0.7612788283838287,-0.11382207864489462,0.0,-0.7612788283838284,1.0935835570768577,0.0,0.7115627119772787,-0.46704664490281667,0.7953854008390027,-1.244175196215049,0.33577049883105686,-0.44523813142521534,0.0,0.0,0.0,-0.8891846151128355,0.9886784358827989,0.0,0.0,0.0,0.0,0.0,0.3348854825730608,-1.4674779962987097,0.0,0.0,-0.08344660470911786
-1.1687626746618156,0.0,-0.17417017031876988,-1.7083499255422216,0.0,-0.9526373390547616,0.0,0.0,0.6504881829622658,0.0,1.4586745559509986,0.0,0.0,0.0,-1.0362165464798845,-1.1858480723333096,1.1550347982034133,-1.3940743423413098,-1.9302886803460155,0.0,0.0,-1.5601591247792648,0.9892342843473132,0.0,0.08848581356995616,0.992831448793946,0.0,-1.547090723905439,1.6603483841521802,0.0,0.3384487217112063,-0.4984868083846287,0.5806210713607087,0.0,0.0,-0.8428387337405309,-0.43275561524824446,0.0,2.159487049355313,0.0,0.0,-0.5729366927318099,-1.1110166079825141,0.0,-1.5794845668939868,-0.8091735937126869,0.0,-1.6615029758764652,-1.3135791548583706,-0.11382207864489462,0.0,1.3135791548583708,-0.5953954921862893,0.0,-0.9937341322441308,-0.46704664490281667,-1.5993850839975496,1.500909760513392,-1.4593102449195938,-1.1288327588343274,0.0,0.0,0.0,-0.8891846151128355,-1.1752881175663252,0.0,0.0,0.0,0.0,0.0,0.7361706728976767,-0.7119985833894045,0.0,0.0,-1.3955540598940805
0.7739340282140276,0.0,-0.17417017031876988,1.5148884940966916,0.0,-0.9526373390547616,0.0,0.0,-1.7932376935716516,0.0,-0.48072839713515514,0.0,0.0,0.0,0.7567390546907041,0.6979562940018905,-0.5173593366952786,0.40626322581083746,0.2236593520443794,0.0,0.0,-1.5601591247792648,-1.753978992944986,0.0,2.235535604182608,0.992831448793946,0.0,0.6033653823231213,-0.6022832373885363,0.0,0.3384487217112063,1.2053574465038157,-1.1132503730178465,0.0,0.0,1.0241341078527075,-0.06944287086138616,0.0,0.7535446612504487,0.0,0.0,-0.19010118156621747,1.6595414706404898,0.0,1.7405574361767424,-0.8091735937126869,0.0,0.5591596553430411,0.7612788283838287,1.8638365378101462,0.0,-0.7612788283838284,1.0935835570768577,0.0,0.7115627119772787,1.2875339940564134,0.3962569866995773,-1.244175196215049,0.33577049883105686,1.175857699287822,0.0,0.0,0.0,-0.8891846151128355,-1.1752881175663252,0.0,0.0,0.0,0.0,0.0,1.9400262438715243,-1.4674779962987097,0.0,0.0,0.9277187735985598
-1.1687626746618156,0.0,-0.36404980698001727,0.1360613463424777,0.0,1.0845409706161901,0.0,0.0,0.6504881829622658,0.0,1.634983915322467,0.0,0.0,0.0,-1.0362165464798845,0.6979562940018905,-0.5173593366952786,0.766330739441267,0.6544489585224584,0.0,0.0,0.6755328169147329,0.6463326246857758,0.0,-0.6783176830774194,-1.0072203103706698,0.0,0.6033653823231213,-0.6022832373885363,0.0,0.3384487217112063,-0.4984868083846287,1.2423337891980741,0.0,0.0,-0.6634788974302634,0.8058105587978633,0.0,-0.6523977268544153,0.0,0.0,0.6807444317445258,-1.1110166079825141,0.0,-0.8378260084868823,1.2358287613066492,0.0,0.5591596553430411,-1.3135791548583706,-2.0914806950999356,0.0,-0.7612788283838284,-1.4398850168178627,0.0,-0.9937341322441308,-0.46704664490281667,0.7953854008390027,0.12836728214917167,0.33577049883105686,0.6094507222917005,0.0,0.0,0.0,-0.8891846151128355,0.007680264985862577,0.0,0.0,0.0,0.0,0.0,0.7361706728976767,0.7989602424292058,0.0,0.0,0.034522689426777865
0.7739340282140276,0.0,0.39546873966497215,-0.05639896028896917,0.0,1.0845409706161901,0.0,0.0,0.6504881829622658,0.0,1.8112932746939354,0.0,0.0,0.0,0.7567390546907041,0.6979562940018905,-0.5173593366952786,0.8863532439847435,0.7980454940151515,0.0,0.0,0.6755328169147329,0.6463326246857758,0.0,-0.6783176830774194,-1.0072203103706698,0.0,0.6033653823231213,-0.6022832373885363,0.0,-2.013769894181678,-0.4984868083846287,-0.14895961753689935,0.0,0.0,0.5023600385864749,0.5457116622481807,0.0,-0.6523977268544153,0.0,0.0,0.31473685513566274,0.8014040126599135,0.0,1.0810288523583442,-0.8091735937126869,0.0,0.5591596553430411,0.7612788283838287,-0.11382207864489462,0.0,-0.7612788283838284,1.0935835570768577,0.0,0.7115627119772787,-0.46704664490281667,0.9284282055521444,0.12836728214917167,0.33577049883105686,1.4818476753661864,0.0,0.0,0.0,-0.8891846151128355,0.20965047664111416,0.0,0.0,0.0,0.0,0.0,-1.6715404690500186,0.7989602424292058,0.0,0.0,1.6740551242542265
0.7739340282140276,0.0,-0.5539294436412646,1.9866049319188654,0.0,-0.9526373390547616,0.0,0.0,0.6504881829622658,0.0,-1.0096564752495607,0.0,0.0,0.0,0.7567390546907041,0.6979562940018905,-0.5173593366952786,0.7063194871695286,0.5826506907761119,0.0,0.0,0.6755328169147329,0.6463326246857758,0.0,0.7939450304855417,-1.0072203103706698,0.0,0.6033653823231213,-0.6022832373885363,0.0,0.3384487217112063,1.2053574465038157,-1.1132503730178465,0.0,0.0,0.9480420560847153,-0.18504238043902288,0.0,-0.6523977268544153,0.0,0.0,-0.4298992489996106,0.7612833003387437,0.0,0.595715366152353,-0.8091735937126869,0.0,0.5591596553430411,0.7612788283838287,-0.11382207864489462,0.0,-0.7612788283838284,0.24909403244528422,0.0,0.7115627119772787,-0.46704664490281667,0.7288639984824318,0.12836728214917167,0.33577049883105686,0.08210629543324256,0.0,0.0,0.0,0.5288632899225016,1.5945890708485537,0.0,0.0,0.0,0.0,0.0,-1.6715404690500186,-1.4674779962987097,0.0,0.0,0.21749547216816717
-1.1687626746618156,0.0,-0.5539294436412646,-0.6342515966211321,0.0,1.0845409706161901,0.0,0.0,0.6504881829622658,0.0,-1.0096564752495607,0.0,0.0,0.0,-1.0362165464798845,0.6979562940018905,-0.5173593366952786,0.766330739441267,0.6544489585224584,0.0,0.0,0.6755328169147329,0.6463326246857758,0.0,-0.6783176830774194,-1.0072203103706698,0.0,0.6033653823231213,-0.6022832373885363,0.0,-2.013769894181678,-0.4984868083846287,0.8634042841117195,0.0,0.0,0.1382052194110835,1.4705077388692744,0.0,-0.6523977268544153,0.0,0.0,1.2571011903125058,-1.1110166079825141,0.0,-0.4968621745883142,1.2358287613066492,0.0,0.5591596553430411,-1.3135791548583706,-0.11382207864489462,0.0,-0.7612788283838284,-0.5953954921862893,0.0,-0.9937341322441308,-0.46704664490281667,0.7953854008390027,0.12836728214917167,0.33577049883105686,0.45320052174104625,0.0,0.0,0.0,-0.8891846151128355,-0.05002550977278074,0.0,0.0,0.0,0.0,0.0,1.5387410535469084,-0.7119985833894045,0.0,0.0,0.036930226041796146
0.7739340282140276,0.0,0.8701678313180905,0.717687714177218,0.0,1.0845409706161901,0.0,0.0,-1.7932376935716516,0.0,2.1639119934368725,0.0,0.0,0.0,0.7567390546907041,0.6979562940018905,-0.5173593366952786,0.7063194871695286,0.6544489585224584,0.0,0.0,0.6755328169147329,0.6463326246857758,0.0,-0.22845963171095907,-1.0072203103706698,0.0,0.6033653823231213,-0.6022832373885363,0.0,0.3384487217112063,-0.4984868083846287,0.6513168745484614,0.0,0.0,-1.0711148890445077,-0.676340296143979,0.0,-0.6523977268544153,0.0,0.0,-0.9010814165880321,1.2739368466648022,0.0,0.8893922449846964,1.2358287613066492,0.0,0.5591596553430411,0.7612788283838287,1.8638365378101462,0.0,-0.7612788283838284,1.0935835570768577,0.0,0.7115627119772787,1.2875339940564134,0.7288639984824318,-1.244175196215049,0.33577049883105686,0.31648159625922384,0.0,0.0,0.0,-0.8891846151128355,-0.02117262239345908,0.0,0.0,0.0,0.0,0.0,-1.6715404690500186,1.5544396553385111,0.0,0.0,0.7567836739322619
0.7739340282140276,0.0,-0.17417017031876988,0.6865544292809546,0.0,1.0845409706161901,0.0,0.0,-1.7932376935716516,0.0,-1.0096564752495607,0.0,0.0,0.0,0.7567390546907041,1.6398584771694906,-0.5173593366952786,0.7063194871695286,0.5826506907761119,0.0,0.0,-1.9327744483949312,-2.0968806526065236,0.0,-0.6783176830774194,-1.0072203103706698,0.0,0.6033653823231213,-0.6022832373885363,0.0,-2.013769894181678,1.2053574465038157,-1.1132503730178465,0.0,0.0,1.4698161253509479,0.607639970950486,0.0,-0.6523977268544153,0.0,0.0,0.46618826614622677,1.4321907674871943,0.0,1.8749519400491708,-0.8091735937126869,0.0,0.5591596553430411,0.7612788283838287,1.8638365378101462,0.0,-0.7612788283838284,1.9380730817084313,0.0,0.7115627119772787,-0.46704664490281667,0.7288639984824318,1.500909760513392,0.33577049883105686,2.0677859274311396,0.0,0.0,0.0,-0.8891846151128355,-1.1752881175663252,0.0,0.0,0.0,0.0,0.0,-0.467684898076171,0.04348082951990069,0.0,0.0,1.7438736860897568
0.7739340282140276,0.0,-0.07923035198814622,-0.6578374185122408,0.0,1.0845409706161901,0.0,0.0,0.6504881829622658,0.0,0.577127759093656,0.0,0.0,0.0,0.7567390546907041,1.6398584771694906,1.1550347982034133,0.6463082348977904,0.5108524230297654,0.0,0.0,0.6755328169147329,0.6463326246857758,0.0,-0.6783176830774194,-1.0072203103706698,0.0,0.6033653823231213,-0.6022832373885363,0.0,0.3384487217112063,-0.4984868083846287,0.7050456849711535,0.0,0.0,-1.1417717942576433,-0.7052401735383882,0.0,-0.6523977268544153,0.0,0.0,-0.9599791875365847,0.7947172272730518,0.0,0.3194599970812504,1.2358287613066492,0.0,0.5591596553430411,0.7612788283838287,-0.11382207864489462,0.0,-0.7612788283838284,-0.5953954921862893,0.0,-0.9937341322441308,-0.46704664490281667,0.6623425961258609,-1.244175196215049,0.33577049883105686,0.4336692466722145,0.0,0.0,0.0,-0.8891846151128355,0.1230918145031492,0.0,0.0,0.0,0.0,0.0,1.9400262438715243,0.7989602424292058,0.0,0.0,1.0480956043494738
1.7452823796519492,0.0,-0.17417017031876988,0.4667345692558215,0.0,-0.9526373390547616,0.0,0.0,-0.571374755304693,0.0,-0.48072839713515514,0.0,0.0,0.0,1.9520427888044298,0.6979562940018905,-0.5173593366952786,0.04619571218040802,-0.1353319866873531,0.0,0.0,-1.5601591247792648,-1.753978992944986,0.0,0.09870986019192117,-1.0072203103706698,0.0,0.6033653823231213,-0.6022832373885363,0.0,0.3384487217112063,1.2053574465038157,-1.1132503730178465,0.0,0.0,-0.5520583930557034,-2.464004140683861,0.0,0.7535446612504487,0.0,0.0,-0.9936350566500435,0.3823654617499177,0.0,-0.1608759149072434,-0.8091735937126869,0.0,0.5591596553430411,0.7612788283838287,-0.11382207864489462,0.0,-0.7612788283838284,0.24909403244528422,0.0,0.7115627119772787,-0.46704664490281667,-0.002871427439848064,0.12836728214917167,0.33577049883105686,-0.38664430621872004,0.0,0.0,0.0,0.7258143878440763,-1.1752881175663252,0.0,0.0,0.0,0.0,0.0,-0.467684898076171,-0.7119985833894045,0.0,0.0,-0.5649539277127739
-1.1687626746618156,0.0,-1.028628535294383,-1.3069192369555518,0.0,1.0845409706161901,0.0,0.0,0.6504881829622658,0.0,-0.6570377565066237,0.0,0.0,0.0,-1.0362165464798845,-2.1277502555009096,-0.5173593366952786,0.8863532439847435,0.7980454940151515,0.0,0.0,0.6755328169147329,0.6463326246857758,0.0,-0.6783176830774194,0.992831448793946,0.0,0.6033653823231213,-0.6022832373885363,0.0,0.3384487217112063,-0.4984868083846287,1.782449725552505,0.0,0.0,-1.3021086176259127,0.6241541866044342,0.0,-0.6523977268544153,0.0,0.0,0.39466954428012707,-1.1110166079825141,0.0,-1.007063531881792,1.2358287613066492,0.0,-1.6615029758764652,0.7612788283838287,-2.0914806950999356,0.0,-0.7612788283838284,-1.4398850168178627,0.0,-0.9937341322441308,-0.46704664490281667,0.9284282055521444,-1.244175196215049,0.33577049883105686,-0.06763348009446771,0.0,0.0,0.0,1.5923992186990046,0.6712966747102607,0.0,0.0,0.0,0.0,0.0,-0.06639970775155508,0.04348082951990069,0.0,0.0,-0.17974806930984907
0.7739340282140276,0.0,1.8195660146243273,0.7417452525061489,0.0,1.0845409706161901,0.0,0.0,-1.7932376935716516,0.0,-1.0096564752495607,0.0,0.0,0.0,0.7567390546907041,1.6398584771694906,-0.5173593366952786,0.7063194871695286,0.5826506907761119,0.0,0.0,0.6755328169147329,0.6463326246857758,0.0,1.4687321075352324,-1.0072203103706698,0.0,0.6033653823231213,-0.6022832373885363,0.0,-2.013769894181678,-0.4984868083846287,1.5222891698215748,0.0,0.0,-1.2341692856902053,0.34754107440080345,0.0,-0.6523977268544153,0.0,0.0,0.22218321507365135,0.890561151151402,0.0,1.1258270203158203,1.2358287613066492,0.0,0.5591596553430411,0.7612788283838287,-0.11382207864489462,0.0,-0.7612788283838284,0.24909403244528422,0.0,0.7115627119772787,-0.46704664490281667,0.7288639984824318,-1.244175196215049,0.33577049883105686,0.8112738980029621,0.0,0.0,0.0,1.0704788092068318,0.5558851251929741,0.0,0.0,0.0,0.0,0.0,1.9400262438715243,-1.4674779962987097,0.0,0.0,1.7222058565545921
0.7739340282140276,0.0,-1.1235683536250067,-0.9234137730061246,0.0,-0.9526373390547616,0.0,0.0,0.6504881829622658,0.0,-0.48072839713515514,0.0,0.0,0.0,0.7567390546907041,-0.24394588916570953,2.827428933102105,0.1662182167238845,0.008264548805339899,0.0,0.0,0.6755328169147329,0.6463326246857758,0.0,-0.6783176830774194,-1.0072203103706698,0.0,0.6033653823231213,-0.6022832373885363,0.0,0.3384487217112063,1.2053574465038157,-1.1132503730178465,0.0,0.0,0.5757345170770389,-0.7506542665867454,0.0,0.7535446612504487,0.0,0.0,-1.0062560075675904,0.6097161649032133,0.0,0.08551400885887515,-0.8091735937126869,0.0,0.5591596553430411,0.7612788283838287,-0.11382207864489462,0.0,1.3135791548583708,0.24909403244528422,0.0,0.7115627119772787,-0.46704664490281667,0.13017137727329373,0.12836728214917167,0.33577049883105686,-0.5298736567234864,0.0,0.0,0.0,-0.8891846151128355,-0.02117262239345908,0.0,0.0,0.0,0.0,0.0,-0.467684898076171,0.7989602424292058,0.0,0.0,-0.13159733700948345
-1.1687626746618156,0.0,-0.5539294436412646,-0.48094375432892555,0.0,1.0845409706161901,0.0,0.0,0.6504881829622658,0.0,-1.0096564752495607,0.0,0.0,0.0,-1.0362165464798845,-1.1858480723333096,-0.5173593366952786,0.22622946899562274,0.008264548805339899,0.0,0.0,0.6755328169147329,0.6463326246857758,0.0,-0.6783176830774194,0.992831448793946,0.0,0.6033653823231213,-0.6022832373885363,0.0,0.3384487217112063,-0.4984868083846287,0.2865265300996574,0.0,0.0,-0.25040775926116265,0.03789953088927651,0.0,0.7535446612504487,0.0,0.0,-0.20272213248376447,-1.1110166079825141,0.0,-1.3604713013241034,-0.8091735937126869,0.0,-1.6615029758764652,-1.3135791548583706,-0.11382207864489462,0.0,1.3135791548583708,-1.4398850168178627,0.0,-0.9937341322441308,-0.46704664490281667,0.3297355843430064,1.500909760513392,-1.4593102449195938,-1.0572180835819442,0.0,0.0,0.0,-0.8891846151128355,0.6712966747102607,0.0,0.0,0.0,0.0,0.0,-0.8689700884007868,-0.7119985833894045,0.0,0.0,-1.383516376818989
-1.1687626746618156,0.0,-0.07923035198814622,-0.4932083817123021,0.0,1.0845409706161901,0.0,0.0,0.6504881829622658,0.0,-1.0096564752495607,0.0,0.0,0.0,-1.0362165464798845,0.6979562940018905,-0.5173593366952786,0.7063194871695286,0.5826506907761119,0.0,0.0,0.6755328169147329,0.6463326246857758,0.0,0.34408697911908137,-1.0072203103706698,0.0,0.6033653823231213,-0.6022832373885363,0.0,0.3384487217112063,1.2053574465038157,-1.1132503730178465,0.0,0.0,2.3693328801797136,1.9741913163146916,0.0,-0.6523977268544153,0.0,0.0,1.7703531942927506,-1.1110166079825141,0.0,-0.19323014732097615,-0.8091735937126869,0.0,0.5591596553430411,-1.3135791548583706,-0.11382207864489462,0.0,-0.7612788283838284,-0.5953954921862893,0.0,0.7115627119772787,-0.46704664490281667,0.7288639984824318,0.12836728214917167,0.33577049883105686,0.42715882164927055,0.0,0.0,0.0,1.0015459249342806,-0.05002550977278074,0.0,0.0,0.0,0.0,0.0,1.1374558632222926,-0.7119985833894045,0.0,0.0,0.20545778909307574
0.7739340282140276,0.0,-0.17417017031876988,1.526681405042246,0.0,-0.27357790249777764,0.0,0.0,-1.7932376935716516,0.0,-0.48072839713515514,0.0,0.0,0.0,0.7567390546907041,-0.24394588916570953,-0.5173593366952786,0.286240721267361,0.1518610842980329,0.0,0.0,-1.5601591247792648,-1.753978992944986,0.0,-0.6783176830774194,0.992831448793946,0.0,0.6033653823231213,-0.6022832373885363,0.0,0.3384487217112063,-1.6343829783102584,0.560826246468138,0.0,0.0,-1.3265667771227674,-1.1965380892433441,0.0,0.7535446612504487,0.0,0.0,-1.4606102405992827,0.6877286610832657,0.0,-0.09616745007977794,-0.8091735937126869,0.0,0.5591596553430411,0.7612788283838287,-0.11382207864489462,0.0,1.3135791548583708,-0.5953954921862893,0.0,0.7115627119772787,-0.46704664490281667,0.26321418198643554,-1.244175196215049,0.33577049883105686,-0.34107133105811255,0.0,0.0,0.0,2.2127951771519645,0.09423892712382755,0.0,0.0,0.0,0.0,0.0,0.3348854825730608,-1.4674779962987097,0.0,0.0,0.09711864141725315
-1.1687626746618156,0.0,0.6802881946568432,-0.22527344502930738,0.0,-0.9526373390547616,0.0,0.0,0.6504881829622658,0.0,-1.0096564752495607,0.0,0.0,0.0,-1.0362165464798845,-0.24394588916570953,-0.5173593366952786,0.9463644962564817,0.8698437617614979,0.0,0.0,0.6755328169147329,0.6463326246857758,0.0,-0.6783176830774194,-1.0072203103706698,0.0,0.6033653823231213,-0.6022832373885363,0.0,0.3384487217112063,-0.4984868083846287,-1.045382401957604,0.0,0.0,1.9100629962943316,1.3755509988590728,0.0,0.7535446612504487,0.0,0.0,1.160340566611312,-1.1110166079825141,0.0,-0.5541042780895337,-0.8091735937126869,0.0,0.5591596553430411,-1.3135791548583706,-0.11382207864489462,0.0,-0.7612788283838284,-0.5953954921862893,0.0,0.7115627119772787,-0.46704664490281667,0.9949496079087153,0.12836728214917167,0.33577049883105686,-0.13924815534685087,0.0,0.0,0.0,-0.8891846151128355,-0.5405245952212488,0.0,0.0,0.0,0.0,0.0,-1.2702552787254027,-0.7119985833894045,0.0,0.0,-0.16934751113297009
0.7739340282140276,0.0,-0.17417017031876988,-0.8465239936411102,0.0,1.0845409706161901,0.0,0.0,0.6504881829622658,0.0,-0.48072839713515514,0.0,0.0,0.0,0.7567390546907041,-0.24394588916570953,-0.5173593366952786,0.286240721267361,0.1518610842980329,0.0,0.0,-1.5601591247792648,-1.753978992944986,0.0,-0.6783176830774194,0.992831448793946,0.0,0.6033653823231213,-0.6022832373885363,0.0,0.3384487217112063,-0.4984868083846287,-0.4939551370931326,0.0,0.0,-0.09007093589289328,-0.8579966683374081,0.0,0.7535446612504487,0.0,0.0,-1.1156375821863311,0.8615850811416682,0.0,0.30203848732000965,1.2358287613066492,0.0,0.5591596553430411,0.7612788283838287,-0.11382207864489462,0.0,1.3135791548583708,1.0935835570768577,0.0,0.7115627119772787,-0.46704664490281667,0.26321418198643554,-1.244175196215049,0.33577049883105686,-0.1978419805533462,0.0,0.0,0.0,1.3166676816088,1.2483544222966938,0.0,0.0,0.0,0.0,0.0,-0.06639970775155508,0.04348082951990069,0.0,0.0,0.10915632449234455
-1.1687626746618156,0.0,-0.4589896253106409,-0.41112972153124383,0.0,1.0845409706161901,0.0,0.0,0.6504881829622658,0.0,0.22450904035071892,0.0,0.0,0.0,-1.0362165464798845,-1.1858480723333096,2.827428933102105,-2.234231874145645,0.8698437617614979,0.0,0.0,1.0481481405303992,0.9892342843473132,0.0,-0.6783176830774194,0.992831448793946,0.0,-1.547090723905439,1.6603483841521802,0.0,0.3384487217112063,-1.0664348933474435,0.7050456849711535,0.0,0.0,-0.6036922853268409,0.11221350133204297,0.0,0.7535446612504487,0.0,0.0,-0.12699642697848246,-1.1110166079825141,0.0,-1.3156731333666274,1.2358287613066492,0.0,-1.6615029758764652,-1.3135791548583706,-2.0914806950999356,0.0,-0.7612788283838284,-0.5953954921862893,0.0,-0.9937341322441308,-0.46704664490281667,-2.530684716989542,1.500909760513392,-1.4593102449195938,-1.4413331599356358,0.0,0.0,0.0,-0.8891846151128355,-0.6559361447385356,0.0,0.0,0.0,0.0,0.0,-0.467684898076171,-0.7119985833894045,0.0,0.0,-1.1788757645424353
1.7452823796519492,0.0,-0.17417017031876988,-0.31584300109116475,0.0,-0.9526373390547616,0.0,0.0,0.6504881829622658,0.0,-0.48072839713515514,0.0,0.0,0.0,1.9520427888044298,0.6979562940018905,-0.5173593366952786,0.10620696445214627,-0.1353319866873531,0.0,0.0,-1.5601591247792648,-1.753978992944986,0.0,1.0597702426566318,0.992831448793946,0.0,0.6033653823231213,-0.6022832373885363,0.0,0.3384487217112063,1.2053574465038157,-1.1132503730178465,0.0,0.0,-0.5520583930557034,-2.464004140683861,0.0,0.7535446612504487,0.0,0.0,-0.9515652202582201,0.3823654617499177,0.0,-0.13598804381975668,-0.8091735937126869,0.0,0.5591596553430411,0.7612788283838287,-0.11382207864489462,0.0,-0.7612788283838284,0.24909403244528422,0.0,0.7115627119772787,-0.46704664490281667,0.06364997491672283,-1.244175196215049,0.33577049883105686,-0.45174855644815926,0.0,0.0,0.0,0.09557087449503751,-0.4539659330832839,0.0,0.0,0.0,0.0,0.0,0.3348854825730608,-0.7119985833894045,0.0,0.0,-0.471059999727061
0.7739340282140276,0.0,0.8701678313180905,0.01577365469782341,0.0,-0.9526373390547616,0.0,0.0,0.6504881829622658,0.0,1.634983915322467,0.0,0.0,0.0,0.7567390546907041,1.6398584771694906,-0.5173593366952786,0.286240721267361,0.0800628165516864,0.0,0.0,0.6755328169147329,0.6463326246857758,0.0,-0.6783176830774194,-1.0072203103706698,0.0,0.6033653823231213,-0.6022832373885363,0.0,0.3384487217112063,-0.4984868083846287,0.538203589448057,0.0,0.0,-0.11724666866717623,0.607639970950486,0.0,-0.6523977268544153,0.0,0.0,0.43673938067195045,0.8459825819056578,0.0,1.202979420687029,-0.8091735937126869,0.0,0.5591596553430411,0.7612788283838287,-0.11382207864489462,0.0,-0.7612788283838284,1.0935835570768577,0.0,0.7115627119772787,-0.46704664490281667,0.26321418198643554,0.12836728214917167,0.33577049883105686,0.030022895249691168,0.0,0.0,0.0,-0.8891846151128355,3.2969094262285314,0.0,0.0,0.0,0.0,0.0,-0.06639970775155508,0.7989602424292058,0.0,0.0,1.3490376812267588
-1.1687626746618156,0.0,-0.17417017031876988,0.6629686073898459,0.0,1.0845409706161901,0.0,0.0,0.6504881829622658,0.0,1.634983915322467,0.0,0.0,0.0,-1.0362165464798845,-0.24394588916570953,-0.5173593366952786,-0.3138718014500214,-0.6379198609117787,0.0,0.0,1.0481481405303992,1.3321359440088507,0.0,0.19072627978960624,-1.0072203103706698,0.0,-1.547090723905439,-0.6022832373885363,0.0,0.3384487217112063,-0.4984868083846287,2.44416244338987,0.0,0.0,-1.4869036004910368,1.3094941362432806,0.0,2.159487049355313,0.0,0.0,1.0930288283843947,-1.1110166079825141,0.0,-0.5939248718295124,1.2358287613066492,0.0,0.5591596553430411,-1.3135791548583706,-0.11382207864489462,0.0,-0.7612788283838284,-1.4398850168178627,0.0,0.7115627119772787,-0.46704664490281667,-0.40199984157927343,1.500909760513392,0.33577049883105686,-0.38013388119577607,0.0,0.0,0.0,0.735661942740155,-0.42511304570396224,0.0,0.0,0.0,0.0,0.0,-0.467684898076171,-1.4674779962987097,0.0,0.0,-0.08344660470911786
-1.1687626746618156,0.0,-3.2122443568987276,-1.3413545369165705,0.0,-0.9526373390547616,0.0,0.0,-1.1823062244381723,0.0,0.0481996809792504,0.0,0.0,0.0,-1.0362165464798845,-1.1858480723333096,-0.5173593366952786,-0.3738830537217597,-0.6379198609117787,0.0,0.0,-1.5601591247792648,-0.3823723542988364,0.0,-0.6783176830774194,0.992831448793946,0.0,-1.547090723905439,1.6603483841521802,0.0,0.3384487217112063,-1.6343829783102584,0.7474631668838051,0.0,0.0,-1.0031755571088004,-0.43275561524824446,0.0,2.159487049355313,0.0,0.0,-0.4845900363089809,-1.1110166079825141,0.0,-1.5272200376102645,1.2358287613066492,0.0,-1.6615029758764652,-1.3135791548583706,-0.11382207864489462,0.0,1.3135791548583708,-1.4398850168178627,0.0,-0.9937341322441308,-0.46704664490281667,-0.4685212439358443,1.500909760513392,-1.4593102449195938,-1.2850829593849815,0.0,0.0,0.0,2.675630257267665,-1.1752881175663252,0.0,0.0,0.0,0.0,0.0,1.5387410535469084,0.04348082951990069,0.0,0.0,-1.5400062567951773
0.7739340282140276,0.0,-0.26910998864939356,-0.40546912427737775,0.0,-0.9526373390547616,0.0,0.0,0.6504881829622658,0.0,-1.0096564752495607,0.0,0.0,0.0,0.7567390546907041,0.6979562940018905,-0.5173593366952786,0.7063194871695286,0.5826506907761119,0.0,0.0,0.6755328169147329,0.6463326246857758,0.0,0.2929667460092563,-1.0072203103706698,0.0,0.6033653823231213,-0.6022832373885363,0.0,0.3384487217112063,1.2053574465038157,-1.1132503730178465,0.0,0.0,0.6626968619547443,-0.6185405413551606,0.0,-0.6523977268544153,0.0,0.0,-0.8716325311137557,0.7367650872535844,0.0,0.307016061537507,-0.8091735937126869,0.0,0.5591596553430411,0.7612788283838287,-0.11382207864489462,0.0,-0.7612788283838284,0.24909403244528422,0.0,-0.9937341322441308,-0.46704664490281667,0.7288639984824318,0.12836728214917167,0.33577049883105686,0.20580437086917713,0.0,0.0,0.0,0.5288632899225016,0.7867082242275473,0.0,0.0,0.0,0.0,0.0,0.3348854825730608,0.7989602424292058,0.0,0.0,0.27768388754362416
0.7739340282140276,0.0,-1.028628535294383,-1.0823822125521971,0.0,1.0845409706161901,0.0,0.0,0.6504881829622658,0.0,-0.48072839713515514,0.0,0.0,0.0,0.7567390546907041,0.6979562940018905,-0.5173593366952786,0.5262857303543139,0.3672558875370724,0.0,0.0,0.6755328169147329,0.6463326246857758,0.0,-0.6783176830774194,0.992831448793946,0.0,0.6033653823231213,1.6603483841521802,0.0,0.3384487217112063,1.2053574465038157,-1.1132503730178465,0.0,0.0,1.1056613061755565,0.05441374654322461,0.0,0.7535446612504487,0.0,0.0,-0.042856754194835756,0.6186318787523621,0.0,0.6654014051973158,-0.8091735937126869,0.0,0.5591596553430411,0.7612788283838287,-0.11382207864489462,0.0,-0.7612788283838284,0.24909403244528422,0.0,0.7115627119772787,-0.46704664490281667,0.5292997914127191,-1.244175196215049,0.33577049883105686,-0.12622730530096302,0.0,0.0,0.0,0.4894730703381867,0.5558851251929741,0.0,0.0,0.0,0.0,0.0,-0.06639970775155508,1.5544396553385111,0.0,0.0,0.13323169064252735
0.7739340282140276,0.0,-1.883086900269996,-0.8328442169442672,0.0,-0.9526373390547616,0.0,0.0,0.6504881829622658,0.0,-0.48072839713515514,0.0,0.0,0.0,0.7567390546907041,-0.24394588916570953,-0.5173593366952786,0.8863532439847435,0.7980454940151515,0.0,0.0,0.6755328169147329,0.6463326246857758,0.0,-0.6783176830774194,0.992831448793946,0.0,0.6033653823231213,-0.6022832373885363,0.0,0.3384487217112063,1.2053574465038157,-1.1132503730178465,0.0,0.0,0.38278681437963,-1.0437815944443243,0.0,-0.6523977268544153,0.0,0.0,-1.3049518459495362,0.511643312562576,0.0,-0.20069650864722216,-0.8091735937126869,0.0,0.5591596553430411,0.7612788283838287,-0.11382207864489462,0.0,-0.7612788283838284,1.0935835570768577,0.0,-0.9937341322441308,-0.46704664490281667,0.9284282055521444,-1.244175196215049,0.33577049883105686,-0.39966515626460786,0.0,0.0,0.0,0.09557087449503751,-0.4828188204626056,0.0,0.0,0.0,0.0,0.0,0.3348854825730608,0.04348082951990069,0.0,0.0,-0.17974806930984907
-1.1687626746618156,0.0,-0.07923035198814622,-0.3276359120367191,0.0,1.0845409706161901,0.0,0.0,0.6504881829622658,0.0,-1.0096564752495607,0.0,0.0,0.0,-1.0362165464798845,0.6979562940018905,-0.5173593366952786,0.6463082348977904,0.5108524230297654,0.0,0.0,0.6755328169147329,0.6463326246857758,0.0,-0.6783176830774194,-1.0072203103706698,0.0,0.6033653823231213,-0.6022832373885363,0.0,0.3384487217112063,1.2053574465038157,-1.1132503730178465,0.0,0.0,1.6980922806549246,0.9544384996833962,0.0,-0.6523977268544153,0.0,0.0,0.7312282354147138,-1.1110166079825141,0.0,-0.8079605631818982,-0.8091735937126869,0.0,0.5591596553430411,-1.3135791548583706,-0.11382207864489462,0.0,-0.7612788283838284,-0.5953954921862893,0.0,-0.9937341322441308,-0.46704664490281667,0.6623425961258609,0.12836728214917167,0.33577049883105686,0.7266383727046911,0.0,0.0,0.0,2.6165449278911925,-1.1752881175663252,0.0,0.0,0.0,0.0,0.0,-0.06639970775155508,0.7989602424292058,0.0,0.0,-0.13159733700948345
-1.1687626746618156,0.0,0.39546873966497215,0.6794786827136219,0.0,1.0845409706161901,0.0,0.0,0.6504881829622658,0.0,1.4586745559509986,0.0,0.0,0.0,-1.0362165464798845,-2.1277502555009096,-0.5173593366952786,-1.6341193514282628,-1.0687094673898576,0.0,0.0,-1.5601591247792648,-1.753978992944986,0.0,-0.15689130535720403,0.992831448793946,0.0,-1.547090723905439,1.6603483841521802,0.0,0.3384487217112063,0.6374093615410008,0.43357380073018303,0.0,0.0,-0.225949599764308,0.28974131961198507,0.0,0.7535446612504487,0.0,0.0,1.4464154540757108,-1.1110166079825141,0.0,-0.38486675469462395,-0.8091735937126869,0.0,-1.6615029758764652,0.7612788283838287,-0.11382207864489462,0.0,1.3135791548583708,-0.5953954921862893,0.0,0.7115627119772787,-0.46704664490281667,-1.1337352675015533,1.500909760513392,0.33577049883105686,-0.015550079910916304,0.0,0.0,0.0,-0.8891846151128355,1.1906486475380504,0.0,0.0,0.0,0.0,0.0,1.5387410535469084,-1.4674779962987097,0.0,0.0,-0.8538583215149675
-1.1687626746618156,0.0,0.6802881946568432,0.16294918329834163,0.0,1.0845409706161901,0.0,0.0,0.6504881829622658,0.0,0.577127759093656,0.0,0.0,0.0,-1.0362165464798845,-1.1858480723333096,1.1550347982034133,-0.9139843241674038,-1.3559025383752437,0.0,0.0,-1.5601591247792648,-1.753978992944986,0.0,-0.6783176830774194,0.992831448793946,0.0,-1.547090723905439,-0.6022832373885363,0.0,0.3384487217112063,-1.6343829783102584,1.1150813434601192,0.0,0.0,-0.8672968932373856,0.31038408917942023,0.0,-0.6523977268544153,0.0,0.0,0.15066449320755165,-1.1110166079825141,0.0,-1.151413184189215,1.2358287613066492,0.0,-1.6615029758764652,0.7612788283838287,-0.11382207864489462,0.0,1.3135791548583708,-0.5953954921862893,0.0,-0.9937341322441308,-0.46704664490281667,-1.0672138651449823,0.12836728214917167,0.33577049883105686,0.21882522091506498,0.0,0.0,0.0,-0.8891846151128355,1.3637659718139805,0.0,0.0,0.0,0.0,0.0,0.3348854825730608,-1.4674779962987097,0.0,0.0,-0.7214438076889621
0.7739340282140276,0.0,-2.8324850835762327,1.225726317711699,0.0,-0.27357790249777764,0.0,0.0,-0.571374755304693,0.0,-1.0096564752495607,0.0,0.0,0.0,0.7567390546907041,0.6979562940018905,-0.5173593366952786,0.8263419917130052,0.7980454940151515,0.0,0.0,0.6755328169147329,0.6463326246857758,0.0,-0.6783176830774194,-1.0072203103706698,0.0,0.6033653823231213,-0.6022832373885363,0.0,0.3384487217112063,1.2053574465038157,-1.1132503730178465,0.0,0.0,0.706178034393597,-0.5524836787393682,0.0,-0.6523977268544153,0.0,0.0,-0.8043207928868383,1.3430336289957059,0.0,1.0237867488571246,-0.8091735937126869,0.0,0.5591596553430411,0.7612788283838287,1.8638365378101462,0.0,-0.7612788283838284,1.0935835570768577,0.0,0.7115627119772787,1.2875339940564134,0.8619068031955736,-1.244175196215049,0.33577049883105686,-0.17831070548451441,0.0,0.0,0.0,0.09557087449503751,0.20965047664111416,0.0,0.0,0.0,0.0,0.0,1.1374558632222926,-1.4674779962987097,0.0,0.0,0.27768388754362416
0.7739340282140276,0.0,-0.5539294436412646,-0.7719927964652068,0.0,1.0845409706161901,0.0,0.0,0.6504881829622658,0.0,-1.0096564752495607,0.0,0.0,0.0,0.7567390546907041,0.6979562940018905,-0.5173593366952786,0.766330739441267,0.6544489585224584,0.0,0.0,0.6755328169147329,0.6463326246857758,0.0,1.8981420656577626,-1.0072203103706698,0.0,0.6033653823231213,-0.6022832373885363,0.0,0.3384487217112063,-0.4984868083846287,0.44205729711271335,0.0,0.0,-0.6879370569271182,-0.39972718394034823,0.0,-0.6523977268544153,0.0,0.0,-0.6486623982370919,0.859356152679381,0.0,0.5758050692823636,1.2358287613066492,0.0,0.5591596553430411,0.7612788283838287,-0.11382207864489462,0.0,-0.7612788283838284,1.0935835570768577,0.0,-0.9937341322441308,-0.46704664490281667,0.7953854008390027,0.12836728214917167,0.33577049883105686,0.5313256220163733,0.0,0.0,0.0,-0.8891846151128355,0.642443787330939,0.0,0.0,0.0,0.0,0.0,0.3348854825730608,0.04348082951990069,0.0,0.0,0.99753733543409
-1.1687626746618156,0.0,-0.36404980698001727,0.0063393259413799365,0.0,-0.9526373390547616,0.0,0.0,0.6504881829622658,0.0,-1.0096564752495607,0.0,0.0,0.0,-1.0362165464798845,0.6979562940018905,-0.5173593366952786,0.7063194871695286,0.5826506907761119,0.0,0.0,0.6755328169147329,0.6463326246857758,0.0,0.4463274453387314,-1.0072203103706698,0.0,0.6033653823231213,-0.6022832373885363,0.0,0.3384487217112063,-0.4984868083846287,1.1150813434601192,0.0,0.0,0.5376884911930429,2.4448464624522126,0.0,-0.6523977268544153,0.0,0.0,2.249949329159537,-1.1110166079825141,0.0,0.0904915830763725,1.2358287613066492,0.0,0.5591596553430411,-1.3135791548583706,-0.11382207864489462,0.0,-0.7612788283838284,-0.5953954921862893,0.0,-0.9937341322441308,-0.46704664490281667,0.7288639984824318,0.12836728214917167,0.33577049883105686,0.5378360470393173,0.0,0.0,0.0,-0.8891846151128355,0.9021197737448339,0.0,0.0,0.0,0.0,0.0,-1.2702552787254027,0.7989602424292058,0.0,0.0,1.0480956043494738
0.7739340282140276,0.0,-0.17417017031876988,0.4563568076237337,0.0,-0.9526373390547616,0.0,0.0,-1.1823062244381723,0.0,-0.48072839713515514,0.0,0.0,0.0,0.7567390546907041,0.6979562940018905,-0.5173593366952786,0.5262857303543139,0.3672558875370724,0.0,0.0,0.6755328169147329,0.6463326246857758,0.0,2.838754354878543,-1.0072203103706698,0.0,0.6033653823231213,-0.6022832373885363,0.0,0.3384487217112063,-0.4984868083846287,0.849265123474169,0.0,0.0,-0.8238157207985328,-0.011643116072567803,0.0,-0.6523977268544153,0.0,0.0,-0.13961737789602946,1.0688754281343789,0.0,1.1108942976633283,-0.8091735937126869,0.0,0.5591596553430411,0.7612788283838287,-0.11382207864489462,0.0,-0.7612788283838284,1.9380730817084313,0.0,0.7115627119772787,-0.46704664490281667,0.5292997914127191,-1.244175196215049,0.33577049883105686,0.18627309580034537,0.0,0.0,0.0,-0.8891846151128355,-1.1752881175663252,0.0,0.0,0.0,0.0,0.0,-0.467684898076171,0.7989602424292058,0.0,0.0,0.9999448720491082
-1.1687626746618156,0.0,-0.17417017031876988,-1.2460678164764913,0.0,1.0845409706161901,0.0,0.0,0.6504881829622658,0.0,1.634983915322467,0.0,0.0,0.0,-1.0362165464798845,-0.24394588916570953,-0.5173593366952786,0.04619571218040802,-0.20713025443369962,0.0,0.0,-1.5601591247792648,-1.753978992944986,0.0,0.22139841965550128,0.992831448793946,0.0,-1.547090723905439,-0.6022832373885363,0.0,0.3384487217112063,-0.4984868083846287,2.280148179994284,0.0,0.0,-1.3836358159487616,1.22692305797354,0.0,0.7535446612504487,0.0,0.0,1.0762008938276653,-1.1110166079825141,0.0,-0.6038800202645072,1.2358287613066492,0.0,0.5591596553430411,-1.3135791548583706,-0.11382207864489462,0.0,-0.7612788283838284,-0.5953954921862893,0.0,-0.9937341322441308,-0.46704664490281667,-0.002871427439848064,0.12836728214917167,0.33577049883105686,0.22533564593800892,0.0,0.0,0.0,0.21374153324798228,0.2962091387790791,0.0,0.0,0.0,0.0,0.0,-0.06639970775155508,0.04348082951990069,0.0,0.0,-0.1027068976292641
0.7739340282140276,0.0,3.4335429262449297,0.1846481394381616,0.0,-0.9526373390547616,0.0,0.0,0.6504881829622658,0.0,0.7534371184651244,0.0,0.0,0.0,0.7567390546907041,0.6979562940018905,-0.5173593366952786,0.10620696445214627,-0.1353319866873531,0.0,0.0,-1.5601591247792648,-1.753978992944986,0.0,-0.6783176830774194,-1.0072203103706698,0.0,0.6033653823231213,-0.6022832373885363,0.0,0.3384487217112063,-0.4984868083846287,0.7927084809239668,0.0,0.0,-1.3890709625036182,-0.9529534083476097,0.0,-0.6523977268544153,0.0,0.0,0.0959737058981813,0.8103197265090624,0.0,0.9615670711384079,1.2358287613066492,0.0,0.5591596553430411,0.7612788283838287,-0.11382207864489462,0.0,-0.7612788283838284,1.0935835570768577,0.0,0.7115627119772787,-0.46704664490281667,0.06364997491672283,0.12836728214917167,0.33577049883105686,0.6680445474981958,0.0,0.0,0.0,1.4742285599460598,-0.05002550977278074,0.0,0.0,0.0,0.0,0.0,-0.06639970775155508,1.5544396553385111,0.0,0.0,0.15730705679271015
0.7739340282140276,0.0,2.2942651062774457,1.7243305924897367,0.0,-0.9526373390547616,0.0,0.0,-1.7932376935716516,0.0,-1.0096564752495607,0.0,0.0,0.0,0.7567390546907041,0.6979562940018905,-0.5173593366952786,0.7063194871695286,0.5826506907761119,0.0,0.0,0.6755328169147329,0.6463326246857758,0.0,-0.6783176830774194,-1.0072203103706698,0.0,0.6033653823231213,-0.6022832373885363,0.0,0.3384487217112063,-0.4984868083846287,0.8662321162392297,0.0,0.0,-1.008610703663657,-0.2676134587087634,0.0,-0.6523977268544153,0.0,0.0,-0.4972109872265279,0.986405075029752,0.0,0.8072622703959902,1.2358287613066492,0.0,0.5591596553430411,0.7612788283838287,-0.11382207864489462,0.0,-0.7612788283838284,1.0935835570768577,0.0,-0.9937341322441308,1.2875339940564134,0.7288639984824318,0.12836728214917167,0.33577049883105686,0.19929394584623322,0.0,0.0,0.0,0.5485583997146591,1.4503246339519453,0.0,0.0,0.0,0.0,0.0,-0.06639970775155508,-1.4674779962987097,0.0,0.0,0.39806071829453815
0.7739340282140276,0.0,-0.17417017031876988,-0.19791389163562131,0.0,1.0845409706161901,0.0,0.0,0.6504881829622658,0.0,-1.0096564752495607,0.0,0.0,0.0,0.7567390546907041,1.6398584771694906,-0.5173593366952786,0.7063194871695286,0.5826506907761119,0.0,0.0,0.6755328169147329,0.6463326246857758,0.0,0.8450652635953667,-1.0072203103706698,0.0,0.6033653823231213,-0.6022832373885363,0.0,0.3384487217112063,1.2053574465038157,-1.1132503730178465,0.0,0.0,1.893757556629762,1.251694381454462,0.0,-0.6523977268544153,0.0,0.0,1.034131057435842,0.8615850811416682,0.0,1.5738086998905814,-0.8091735937126869,0.0,0.5591596553430411,0.7612788283838287,-0.11382207864489462,0.0,-0.7612788283838284,0.24909403244528422,0.0,0.7115627119772787,-0.46704664490281667,0.7288639984824318,0.12836728214917167,0.33577049883105686,1.2084098244025416,0.0,0.0,0.0,1.0015459249342806,1.3349130844346588,0.0,0.0,0.0,0.0,0.0,0.7361706728976767,-0.7119985833894045,0.0,0.0,1.084208653574748
1.7452823796519492,0.0,2.9588438345918116,0.18747843806509465,0.0,-0.9526373390547616,0.0,0.0,0.6504881829622658,0.0,0.577127759093656,0.0,0.0,0.0,1.9520427888044298,0.6979562940018905,1.1550347982034133,-1.3340630900695716,-0.1353319866873531,0.0,0.0,-0.8149284775479323,-1.0681756736219112,0.0,0.7837209838635767,0.992831448793946,0.0,-1.547090723905439,1.6603483841521802,0.0,0.3384487217112063,1.2053574465038157,-1.1132503730178465,0.0,0.0,-0.04658976345404056,-1.6960931127752743,0.0,0.7535446612504487,0.0,0.0,0.7732980718065372,0.4447754586939596,0.0,0.9541007098121619,-0.8091735937126869,0.0,2.7798222865625473,-1.3135791548583706,1.8638365378101462,0.0,-0.7612788283838284,1.0935835570768577,0.0,0.7115627119772787,-0.46704664490281667,-1.5328636816409786,0.12836728214917167,0.33577049883105686,0.16674182073151358,0.0,0.0,0.0,-0.8891846151128355,1.6522948456071969,0.0,0.0,0.0,0.0,0.0,1.1374558632222926,-1.4674779962987097,0.0,0.0,-0.3242002662109459
-1.1687626746618156,0.0,-0.17417017031876988,-0.14979881497775957,0.0,1.0845409706161901,0.0,0.0,-1.7932376935716516,0.0,0.22450904035071892,0.0,0.0,0.0,-1.0362165464798845,-1.1858480723333096,-0.5173593366952786,-1.454085594613048,-2.002086948092362,0.0,0.0,-1.5601591247792648,-1.753978992944986,0.0,-0.013754652649693909,0.992831448793946,0.0,-1.547090723905439,1.6603483841521802,0.0,0.3384487217112063,0.6374093615410008,-0.15178744966440946,0.0,0.0,-0.17159813421574213,-0.48229826221008876,0.0,2.159487049355313,0.0,0.0,-0.6150065291236333,-1.1110166079825141,0.0,-1.6043724379814734,-0.8091735937126869,0.0,-1.6615029758764652,-1.3135791548583706,-0.11382207864489462,0.0,1.3135791548583708,-1.4398850168178627,0.0,-0.9937341322441308,-0.46704664490281667,-1.6659064863541204,0.12836728214917167,-1.4593102449195938,-1.2850829593849815,0.0,0.0,0.0,-0.8891846151128355,-1.1752881175663252,0.0,0.0,0.0,0.0,0.0,1.5387410535469084,0.04348082951990069,0.0,0.0,-1.7687222352219139
-1.1687626746618156,0.0,-0.17417017031876988,1.293653484758092,0.0,-0.9526373390547616,0.0,0.0,-1.1823062244381723,0.0,0.22450904035071892,0.0,0.0,0.0,-1.0362165464798845,-1.1858480723333096,1.1550347982034133,-1.1540293332543567,1.013440297254191,0.0,0.0,0.6755328169147329,0.6463326246857758,0.0,-0.6783176830774194,0.992831448793946,0.0,-1.547090723905439,1.6603483841521802,0.0,0.3384487217112063,-0.4984868083846287,0.9623784085745734,0.0,0.0,-0.6607613241528352,0.4012122752761348,0.0,-0.6523977268544153,0.0,0.0,0.167492427764281,-1.1110166079825141,0.0,-1.1414580357542203,1.2358287613066492,0.0,-1.6615029758764652,0.7612788283838287,-0.11382207864489462,0.0,1.3135791548583708,-0.5953954921862893,0.0,0.7115627119772787,-0.46704664490281667,-1.333299474571266,-1.244175196215049,0.33577049883105686,0.2513773460297846,0.0,0.0,0.0,-0.8891846151128355,-1.1752881175663252,0.0,0.0,0.0,0.0,0.0,-0.8689700884007868,1.5544396553385111,0.0,0.0,-0.8081151258296202
1.7452823796519492,0.0,0.2055891030037248,-0.028095974019638748,0.0,1.0845409706161901,0.0,0.0,0.6504881829622658,0.0,2.1639119934368725,0.0,0.0,0.0,1.9520427888044298,-1.1858480723333096,-0.5173593366952786,0.9463644962564817,0.9416420295078444,0.0,0.0,0.6755328169147329,0.6463326246857758,0.0,-0.6783176830774194,0.992831448793946,0.0,0.6033653823231213,-0.6022832373885363,0.0,0.3384487217112063,1.2053574465038157,-1.1132503730178465,0.0,0.0,-0.5520583930557034,-2.464004140683861,0.0,0.7535446612504487,0.0,0.0,-1.1955702713307956,0.3154976078813013,0.0,-0.35500130938963986,-0.8091735937126869,0.0,0.5591596553430411,0.7612788283838287,-0.11382207864489462,0.0,-0.7612788283838284,0.24909403244528422,0.0,-0.9937341322441308,1.2875339940564134,1.0614710102652862,-1.244175196215049,0.33577049883105686,-0.39966515626460786,0.0,0.0,0.0,0.09557087449503751,-1.1752881175663252,0.0,0.0,0.0,0.0,0.0,-0.467684898076171,0.04348082951990069,0.0,0.0,-0.3843886815864029
-1.1687626746618156,0.0,-0.17417017031876988,1.4766794626330955,0.0,-0.9526373390547616,0.0,0.0,-1.7932376935716516,0.0,0.22450904035071892,0.0,0.0,0.0,-1.0362165464798845,-0.24394588916570953,2.827428933102105,-1.2140405855260952,-1.7148938771069762,0.0,0.0,-2.6780050956262635,-0.3823723542988364,0.0,-0.6783176830774194,0.992831448793946,0.0,-1.547090723905439,1.6603483841521802,0.0,-2.013769894181678,-1.0664348933474435,1.3328244172783976,0.0,0.0,-0.6716316172625484,0.9255386222889871,0.0,-0.6523977268544153,0.0,0.0,4.538548428874727,-1.1110166079825141,0.0,1.4443917702356504,-0.8091735937126869,0.0,0.5591596553430411,0.7612788283838287,1.8638365378101462,0.0,1.3135791548583708,0.24909403244528422,0.0,2.4168595561986885,-0.46704664490281667,-1.3998208769278369,-1.244175196215049,0.33577049883105686,0.5768985971769809,0.0,0.0,0.0,-0.8891846151128355,0.036533152365184236,0.0,0.0,0.0,0.0,0.0,-0.467684898076171,0.04348082951990069,0.0,0.0,1.3008869489263932
0.7739340282140276,0.0,-0.8387488986331356,-1.122478109767082,0.0,-0.9526373390547616,0.0,0.0,0.6504881829622658,0.0,-0.48072839713515514,0.0,0.0,0.0,0.7567390546907041,-0.24394588916570953,-0.5173593366952786,0.8263419917130052,0.7262472262688049,0.0,0.0,0.6755328169147329,0.6463326246857758,0.0,-0.6783176830774194,0.992831448793946,0.0,0.6033653823231213,1.6603483841521802,0.0,0.3384487217112063,-0.4984868083846287,1.0330742117623262,0.0,0.0,-1.378200669393905,-0.5855121100472644,0.0,-0.6523977268544153,0.0,0.0,-0.7328020710207387,0.5138722410248632,0.0,0.14026732525134594,1.2358287613066492,0.0,0.5591596553430411,0.7612788283838287,-0.11382207864489462,0.0,1.3135791548583708,1.0935835570768577,0.0,0.7115627119772787,-0.46704664490281667,0.8619068031955736,-1.244175196215049,0.33577049883105686,-0.41268600631049573,0.0,0.0,0.0,0.09557087449503751,0.9886784358827989,0.0,0.0,0.0,0.0,0.0,-0.8689700884007868,0.04348082951990069,0.0,0.0,0.22953315524325857
-1.1687626746618156,0.0,-0.17417017031876988,-0.4785851721398147,0.0,-0.9526373390547616,0.0,0.0,-1.7932376935716516,0.0,0.0481996809792504,0.0,0.0,0.0,-1.0362165464798845,-1.1858480723333096,-0.5173593366952786,-0.3138718014500214,-0.6379198609117787,0.0,0.0,-1.5601591247792648,-0.3823723542988364,0.0,-0.6783176830774194,0.992831448793946,0.0,-1.547090723905439,1.6603483841521802,0.0,0.3384487217112063,-1.6343829783102584,0.6541447066759715,0.0,0.0,-1.0303512898830833,-0.6102834335281866,0.0,-0.6523977268544153,0.0,0.0,-0.8632185638353911,-1.1110166079825141,0.0,-1.7512108773976451,1.2358287613066492,0.0,-1.6615029758764652,-1.3135791548583706,-0.11382207864489462,0.0,1.3135791548583708,-1.4398850168178627,0.0,-0.9937341322441308,-0.46704664490281667,-0.7346068533621279,1.500909760513392,-3.2543909886702447,-3.0038351654421778,0.0,0.0,0.0,-0.8891846151128355,-1.1752881175663252,0.0,0.0,0.0,0.0,0.0,-1.2702552787254027,0.7989602424292058,0.0,0.0,-1.7205715029215483
0.7739340282140276,0.0,0.7752280129874668,1.2384626615328977,0.0,1.0845409706161901,0.0,0.0,0.6504881829622658,0.0,-1.0096564752495607,0.0,0.0,0.0,0.7567390546907041,0.6979562940018905,-0.5173593366952786,0.6463082348977904,0.5108524230297654,0.0,0.0,0.6755328169147329,0.6463326246857758,0.0,-0.6783176830774194,-1.0072203103706698,0.0,0.6033653823231213,-0.6022832373885363,0.0,0.3384487217112063,-0.4984868083846287,0.7700858239038859,0.0,0.0,-0.8401211604631026,-0.15201394913112667,0.0,-0.6523977268544153,0.0,0.0,-0.3962433798861519,0.8861032942268275,0.0,0.754997741112268,1.2358287613066492,0.0,0.5591596553430411,0.7612788283838287,-0.11382207864489462,0.0,-0.7612788283838284,-0.5953954921862893,0.0,-0.9937341322441308,-0.46704664490281667,0.6623425961258609,0.12836728214917167,0.33577049883105686,1.0456491988289434,0.0,0.0,0.0,-0.8891846151128355,0.1230918145031492,0.0,0.0,0.0,0.0,0.0,-0.06639970775155508,0.7989602424292058,0.0,0.0,1.1203217028000223
0.7739340282140276,0.0,2.104385469616198,0.22002687227482465,0.0,-0.9526373390547616,0.0,0.0,0.6504881829622658,0.0,-0.48072839713515514,0.0,0.0,0.0,0.7567390546907041,-0.24394588916570953,-0.5173593366952786,0.5862969826260522,0.4390541552834189,0.0,0.0,0.6755328169147329,0.6463326246857758,0.0,2.572929142707453,0.992831448793946,0.0,0.6033653823231213,-0.6022832373885363,0.0,0.3384487217112063,1.2053574465038157,-1.1132503730178465,0.0,0.0,0.9480420560847153,-0.18504238043902288,0.0,-0.6523977268544153,0.0,0.0,-0.32051767438086987,0.7389940157158715,0.0,0.6355359598923318,1.2358287613066492,0.0,0.5591596553430411,0.7612788283838287,-0.11382207864489462,0.0,1.3135791548583708,1.0935835570768577,0.0,0.7115627119772787,-0.46704664490281667,0.59582119376929,-1.244175196215049,0.33577049883105686,-0.06763348009446771,0.0,0.0,0.0,-0.8891846151128355,-1.1752881175663252,0.0,0.0,0.0,0.0,0.0,-0.467684898076171,0.04348082951990069,0.0,0.0,0.07304327526707034
-1.1687626746618156,0.0,-1.028628535294383,-0.3748075558189365,0.0,1.0845409706161901,0.0,0.0,-0.571374755304693,0.0,0.22450904035071892,0.0,0.0,0.0,-1.0362165464798845,-2.1277502555009096,1.1550347982034133,-1.1540293332543567,-1.6430956093606297,0.0,0.0,-1.5601591247792648,-1.753978992944986,0.0,-0.6783176830774194,0.992831448793946,0.0,0.6033653823231213,1.6603483841521802,0.0,0.3384487217112063,-1.6343829783102584,0.6286942175283805,0.0,0.0,-0.9216483587859514,-0.48229826221008876,0.0,2.159487049355313,0.0,0.0,-0.7328020710207387,-1.1110166079825141,0.0,-1.6740584770264362,-0.8091735937126869,0.0,-1.6615029758764652,-1.3135791548583706,-0.11382207864489462,0.0,1.3135791548583708,-1.4398850168178627,0.0,-0.9937341322441308,3.042114633015643,-1.1337352675015533,1.500909760513392,0.33577049883105686,0.4336692466722145,0.0,0.0,0.0,-0.8891846151128355,-1.1752881175663252,0.0,0.0,0.0,0.0,0.0,-0.467684898076171,-0.7119985833894045,0.0,0.0,-1.5159308906449944
0.7739340282140276,0.0,-0.8387488986331356,-0.8856764579803507,0.0,1.0845409706161901,0.0,0.0,0.6504881829622658,0.0,-0.48072839713515514,0.0,0.0,0.0,0.7567390546907041,-0.24394588916570953,-0.5173593366952786,0.5262857303543139,0.4390541552834189,0.0,0.0,0.6755328169147329,0.6463326246857758,0.0,-0.6783176830774194,0.992831448793946,0.0,0.6033653823231213,-0.6022832373885363,0.0,0.3384487217112063,1.2053574465038157,-1.1132503730178465,0.0,0.0,0.9942408018009963,-0.11485696390974345,0.0,-0.6523977268544153,0.0,0.0,-0.3583805271335109,0.43585974484481077,0.0,0.2746618291237743,-0.8091735937126869,0.0,0.5591596553430411,0.7612788283838287,-0.11382207864489462,0.0,1.3135791548583708,0.24909403244528422,0.0,0.7115627119772787,-0.46704664490281667,0.5292997914127191,0.12836728214917167,0.33577049883105686,-0.00903965488797238,0.0,0.0,0.0,-0.8891846151128355,-0.02117262239345908,0.0,0.0,0.0,0.0,0.0,0.7361706728976767,-0.7119985833894045,0.0,0.0,-0.20382343546003187
